0001c1e930b9c830f07baf2ecc4fbe40667335420f759ff2ba4f28b8e3ab592b	_astro/rizotto-griby-slivochny-sous-horeca.Bayg6BSC_Zoc7P7.webp
0036e261ef8dc199afa2f77fab441ad5054086c245c247bb81cb541fbc659efd	_astro/kuritsa-pesto-vyalenye-tomaty.HFynwqNL_20c9mj.webp
00c31de6db6ef4e6f7a4418d652e453b44d2ec4b7c4ef300d4c7aba0a3b5efac	_astro/rizotto-griby-slivochny-sous-horeca.Bayg6BSC_Z2hX8gg.webp
00c3e3c76952d1a07df7e399aebd17afa4b87436abffb6d08f4ed12b858231bd	_astro/alfredo-kuritsa.IpX7MWOn_Z2u1MV1.webp
0173679c0bb29994e74225f5d6e96794c371a4164dea4477521bbbc14528ccd3	_astro/rizotto-griby-slivochny-sous-horeca.Bayg6BSC_z7qNi.webp
0185196d076159cab686c0053a159e0f4a50bf9d4ded0bab00a4e8fdc00b8bee	_astro/kuritsa-pesto-vyalenye-tomaty-horeca.DtH-vghS_17cDQj.png
020b11ed8c8b324ccfadc44229966b75576c94b55b3b040803b119718f45a3e5	_astro/horeca.lIIIU-Nb_ZMLqwt.webp
0272a7ad1acbb6becf7c0859b5188b60827e4858c23082c22c0be323eb2a2e08	_astro/primavera.CuHxQPa3.png
02d299633d90e765afe59c3955e8ff854c646796cd3efab817d5c4528655293d	katalog/vetchina-griby-slivochny-sous/index.html
0458ccca514785f3c406260a6b5b3eb8df817caa2d304f322e96d1ee00fc5ef2	_astro/rizotto-griby-slivochny-sous-horeca.Bayg6BSC.png
0469a9a88235da28a6b4036166c879064d90243c10d20d3028a6bbd7ce90c34d	_astro/karbonara.CZeJuoEA_Z1UQVsh.png
0506041d8c4a2f1e44faed337ef6c9b318ab2dd73f492b3665fdc0edb98aa895	_astro/paelya-kuritsa-ovoshchi.Ds5b_jxz_25lxga.png
05512c6e0cea60249596f1f20d7981759167e2fdab74d4ea7645a23016f9ad1a	_astro/primavera-horeca.DKyr1zTC_16ae8N.png
06862f84f577ceb2cfb8eed4fb616bd8c9be8375484b9780248d39b968db5e96	_astro/rizotto-griby-slivochny-sous.C-nnG8bC_1PTXi8.webp
0693c851a851a2d259d28315f5ac7ea868e3c8541df10c8c7c7eb67ff13eac54	_astro/kuritsa-pesto-vyalenye-tomaty-horeca.DtH-vghS_Z1Ehbnf.webp
070294f2bc79ce6203e1af3b95e58eaeb4ee3bb3d1acd34e96ebd07f46455b05	_astro/pasta-frikadelki-tomatny-sous-horeca.DfoI17oS_Z2rgME4.png
084dd4328a3d28d8411a336b787ec3367ccd6ac32e153af811d820baed4424b1	robots.txt
08640f7ee294bf9aa0326687fe5d1bed53914f627a13dc7e20ad7ba7179f3d40	_astro/_slug_.CblsIYtB.css
09015a560a5781bb689aa72f3fad5d72b7bce04ee3b0abd4b6e92aa8c203e4be	_astro/vetchina-griby-slivochny-sous.Cqe7htBt_Z1R6nB1.png
095707766b166326f4f24f75f0508066b9b3d19aed93ec1a80b8ab46d5b64dbd	_astro/paelya-kuritsa-ovoshchi.Ds5b_jxz_lfFss.webp
097bb335d3396e7474364539484999bee650b426d7c1ad5a779f9262af05dc42	_astro/pasta-frikadelki-tomatny-sous.QWMST8gK_Z1LhN1q.webp
0a0ef345507e34b6e01d98d73645c2329c9a107ac31d21a1269e8144ee662ddb	_astro/rizotto-rizi-bizi-pesto-zeleny-goroshek.CDQ1G72P_Z1JPmti.DOcrBrGX_c3Paz.webp
0a62590d7f5abc76107d26fd6ca0e5e3b2d0d0736baad60458f739b8a14522ef	_astro/primavera.CuHxQPa3_Z1t8iDc.webp
0a78104263d2d166aa0d5008f094fecfadb5b67a9ca85f140c6bb58ec7b0ec38	_astro/primavera-horeca.DKyr1zTC_ZjTR8k.webp
0ac10b2410d98e98a65b8d2fc202f440410cc75cd2bb4d7bdfa77bc048708340	_astro/rizotto-rizi-bizi-pesto-zeleny-goroshek-horeca.Bh8-3jMc_Z1L4KbN.webp
0be998edcc3c1998551739cc643de8ca167a8042ddc1a76d25c51a8ccb8634e7	_astro/rizotto-griby-slivochny-sous.C-nnG8bC_Z28jOCq.webp
0c07b10c52eea023f50fbaa06360b15a5371c13a5fe36b6275b12902dcaf30e4	_astro/alfredo-kuritsa-horeca.B9CdtjsN_GRk80.png
0c741efd9090edd545ca54bc586e43ddfde6aa980112ec3ba94af8eab071aa78	_astro/mak-end-chiz.C6KgzSw__Avvsv.webp
0d6e4ed3178dacac74726ba758848bee55e143c302af5d37d961079a72b87ed0	_astro/alfredo-kuritsa-horeca.B9CdtjsN_Z1x53Lb.webp
0db1fa65604803167ba9e7b237a72ebd458eccc8b37b8bc1ad5d38412271c765	_astro/rizotto-griby-slivochny-sous.C-nnG8bC.png
0dd609906041cb3db1e6acf10a7283f76be1a3123b06f143b275b2262bcd354e	images/product-paelya.webp
0e6d6760da7f22c282b4fdf5ef15cf950c653193bd79f786eafe85db24cae8e1	_astro/chetyre-syra.BcpZl_cL_1Uf0cw.webp
0fa3700ee77851e8d1df55c0eaaa49d6ca27c9e79f8ff5f96ffda3125d48dfc4	_astro/mak-end-chiz-horeca.Cz0VqWKl_Z9mFea.webp
0fce5e3bb2093f77e8f94904634b7767370e85f8c2e38eae0df38a52cd9d8f28	_astro/rizotto-griby-slivochny-sous.C-nnG8bC_ZfJpnI.png
10212bb5616f2a69ae6035b87bdb733ba5b12099664ce38de2b998f2e37e275f	_astro/paelya-kuritsa-ovoshchi.Ds5b_jxz_Z1dtXXl.webp
105ed4ef5ccea6b30a2729677ccbd77ab4a44cf0a09673938c3e8d4233398ae4	_astro/dokumenty.DSR1EzPX.css
10b08f969bebb6b450d552303eeb926412fe1f046ca36fb5d3470ed8e7459c38	_astro/kuritsa-pesto-vyalenye-tomaty-horeca.DtH-vghS_EUf8z.png
10bcb4d8612b91654d5e4a38b26b807d92e08aa68127e5d6dc4b06decb6f6f04	_astro/kuritsa-pesto-vyalenye-tomaty.HFynwqNL.png
115b01398d945d2223fc12b5bd816c1796b0325c073debc085fda1133df8dcc7	_astro/paelya-kuritsa-ovoshchi-horeca.DVGQgO4p_EKg87.png
11d676447657337b8d03847fd7e39a2350713ed44c75f4947f043394e1b17bac	_astro/FormRuntime.astro_astro_type_script_index_0_lang.D2p36zuF.js
1246c31094402974a93dba825c96874e24b3eb6394642d47104a21b461deaad5	katalog/horeca/primavera/index.html
12b0c8f3a42904d81d9866d426e89ea0793eaba9445c911ec622caf57af4d513	_astro/mak-end-chiz-horeca.Cz0VqWKl_Z28LB0n.png
134275ab8a3c8ebe543cf747ec7a3df9be798b28684999111a3ef3249c4aedbe	_astro/chetyre-syra.BcpZl_cL_kC01j.webp
1352575d6682ae2f2a1dc78a01a355c0728db10774bc7f2b4edc29009f0588f2	_astro/_slug_.wZWHrilJ.css
13ccf67996270ce6550ac908d31cb131a3bfec0bd27c5169a2efbab4c4821d06	_astro/primavera-horeca.DKyr1zTC_2myia5.webp
13fc129e9a186b49b676c42ac3bfc493faee8dade53c39f661cfaf362e0733e5	_astro/vetchina-griby-slivochny-sous.Cqe7htBt_2iXjHr.webp
149f1b359f123e14c799ae9e734a0085e1fa3d34c8379738432de294c191f115	_astro/dokumenty.CkuSSzFD.css
14e0beac25b8346b0a2e33a44060f752605681a28e6c4f3fb229c2aa2de735c1	_astro/vetchina-griby-slivochny-sous-horeca.jWTjw6JA_Zc3B6s.webp
15ea7e80d9a2967f674c789da971fe99ad3fe920176b2090b906598112e4b273	_astro/kuritsa-pesto-vyalenye-tomaty-horeca.DtH-vghS_2vc0fu.webp
16b9741f829313f223a0f3d980ce761fc1e5d48a69458c93515cbcb91056106d	_astro/primavera.CuHxQPa3_Z1RuV2h.png
16d770b4baa969c70e577eb92e5f57feb18a235f2ff43da22f461ace226fdd7f	_astro/mak-end-chiz-horeca.Cz0VqWKl_27NHEn.webp
176da239c8d9a441cb6e84a5aacf86131d0a68c066dbf865c18777d999e661f4	_astro/chetyre-syra-horeca.mFhdUiiO_1RKeIc.webp
181832cfea879bac1a3e6b4d8dbe44d3a4c162a1721e064399304f745cbc7e41	_astro/rizotto-rizi-bizi-pesto-zeleny-goroshek-horeca.Bh8-3jMc_Z1MU7qT.png
18538a41c1a13ad354f38b5410fcf6c40d7c6c9584b43d0c89e916fb0620580f	_astro/rizotto-griby-slivochny-sous.C-nnG8bC_1Nkrm5.webp
186218f1429ec829c39f7fe7174eb500b4c6fb265a04abac60d5fd535d5ea48f	_astro/catalog-hero.CbO-V9ib_Zhv5sh.webp
188e93f6c820f8a5012e4247c40246ac28254d63f6a531b06f1cdac560f3066d	_astro/kuritsa-pesto-vyalenye-tomaty.HFynwqNL_2c1Dxh.webp
18dc59eb8c5f0cf5f1d57722743475fbb72ec23d1a4e04e839ab50bf5669e17f	_astro/paelya-kuritsa-ovoshchi.Ds5b_jxz_Z1xTlcy.webp
195785be2f2d4d8af34e0c60f3073867eea0d46506d4a41dc218313f42535320	_astro/alfredo-kuritsa-horeca.B9CdtjsN_19M9aw.png
196f5489962af6464f686ad0cc87aea54ae560f6a898302f955943a6c741eecb	_astro/logo-pastodel-clean.H0i7wMf0_ZONS8h.webp
19ca1036c1735c4ab42c1e6dfe10fb189fb02f76a325672c59da8d4a41987456	_astro/kuritsa-pesto-vyalenye-tomaty.HFynwqNL_10nyzr.webp
1a5e0d93ff6d906218267edd0daa3303f0175ff54be2c18f8b62f40143c736ae	_astro/horeca.lIIIU-Nb_ZMLqwt.CiyeA_jf_Z2luLp9.webp
1b14b068abcf69349fc7bad7a896b96a52485f5b0184fd61a8d5e28eda232498	_astro/paelya-kuritsa-ovoshchi.Ds5b_jxz_ZK7xVy.png
1b2837c84eb144b50bbc83b1c05d90c1708a0331413ad4cbb5adcc08ebcdca63	_astro/kuritsa-pesto-vyalenye-tomaty.HFynwqNL_1SMGai.webp
1b3e4515d35ecbef7d1de07fe0a09605bec25a5e8d1ba97c8001ebd0b24720ff	_astro/pasta-frikadelki-tomatny-sous-horeca.DfoI17oS_1EJDbX.webp
1b463122ed4390225de5a6f75ce2ece57a084250d3e53349864d466ec75c30cb	_astro/kuritsa-pesto-vyalenye-tomaty-horeca.DtH-vghS_UF6H.png
1b61b3b21a1f570579825fc4900060eb207abad9b24f8bdb4c0e2cbe982a6af9	_astro/pasta-frikadelki-tomatny-sous-horeca.DfoI17oS_Z2bNApQ.png
1b9a95956feabd1cb28e9e1576521e79e4d4c5c788ecd5b3a2bffea851820433	_astro/alfredo-kuritsa.IpX7MWOn_ZehXeA.webp
1bd8da656a241b8beecf8544e3022d6463fbc981e89bf6d2a61c25d85e75afec	_astro/alfredo-kuritsa-horeca.B9CdtjsN_15Ciff.webp
1ca776fb19f3ef28f6fb4668f9ab0d27d53581b2fc69753c254cd6606155cdf1	_astro/pasta-frikadelki-tomatny-sous-horeca.DfoI17oS_GX6NM.webp
1cafbfc9941c24ba5779f3c9170f6f0bde799dc3a20cbe907ae1767088484866	novosti/index.html
1cbd5e1d0c4487366ac7a6dbf3899a9cc7298199b3cf7cf9a20e0173080c86cb	_astro/gde-kupit.ZwO_ySWU_1Fdvpr.webp
1d4ba74a2cba1df610a022a977dbd653dcb0055f5853894c60e663c7ab916d76	_astro/mak-end-chiz.C6KgzSw__1gSaAn.png
1d692a75716ee5f5d4b03f300fda8ff17449257d45ee8accb28600b399ced0f2	_astro/paelya-kuritsa-ovoshchi-horeca.DVGQgO4p_Z1XtN1u.png
1dba4ddd4f9fd4bd1d5562e914b4dc158adbb6cb51ff485ff4ecf456b6abe3e4	_astro/karbonara.CZeJuoEA_ZUQhXL.webp
1dfdf9e8f058168e48f48b7216dc583690213be1cee5b1a425b28413d5255d1a	_astro/paelya-kuritsa-ovoshchi-horeca.DVGQgO4p_ZHbagm.webp
1e3bf4d9090aaae1dd0791396402281665489f807e6a0bb3d591527f2ea6f9e6	_astro/partneram.DMd1JByY_1rJtxO.webp
1e59a138906efe4e4750b81804092c043b59b3fd94766c189b4c833de29dfc63	_astro/vetchina-griby-slivochny-sous-horeca.jWTjw6JA_Z1HmXvw.webp
1f95b57df10f5107c644bb97417c75316ed60d7ee835034af6af6fe743984de0	_astro/chetyre-syra-horeca.mFhdUiiO_ZUhELi.png
1fad3ea12abb1ea9fcd0741913a148484136c76e0813e345e3f452ff5789d391	_astro/primavera.CuHxQPa3_ZX0AAo.webp
1fb57dc2fa7762adfb3f475b6db5ee1ffa83ba61c29ff94e4e5d0ae3796e5007	_astro/rizotto-rizi-bizi-pesto-zeleny-goroshek.CDQ1G72P_24L6kg.webp
20172b471f5065f38fd3e39c8581ff8371acda4b9a6c9d74ecddc234b051d5fd	_astro/karbonara.CZeJuoEA_ZYBMh5.webp
204255fdfa1df546df6d011eefe36b9105054e91879abdb269d02277187f6a9c	_astro/chetyre-syra.BcpZl_cL_Ma6Ce.webp
20988052dba8d31010043c817743e9871974681fb1aa17392ce669a8271d1379	_astro/kuritsa-pesto-vyalenye-tomaty.HFynwqNL_1wahW5.webp
20d3d200b5420f5218d75747583eff036f13be6034724de18c0b5d20ea1f5186	soglasie-na-obrabotku-dannyh/index.html
20e5ca34e279d62563a4cbb5cc993bf7b88c88ae152105dff002e961dbb06948	_astro/karbonara.CZeJuoEA_9TPg5.webp
210bd1018f7d2f760ac40eb7cf2e909d9ba3838e2f2380fd3485f3cc1dc402a7	_astro/vetchina-griby-slivochny-sous-horeca.jWTjw6JA_Z2qxapM.webp
2125b73b223d056e09c4493085025cb2d39a292f1e6a92ac24a008c8bcb4e1ca	_astro/karbonara.CZeJuoEA_H88of.webp
212d8a877f88a4a71cc0f389ad7ff1f655049571a1b6ea95c8c76b99d4190ef5	_astro/vetchina-griby-slivochny-sous.Cqe7htBt_Z1WjjG5.webp
215472387f1d53d6040f1265dd4a378a8e6a09c5a978ecbfd6e1fd1c95655e79	katalog/kuritsa-pesto-vyalenye-tomaty/index.html
21b54e1f225f1147a3d6b5b232d5c302001e4a59642f978a93b5e38129807818	_astro/pasta-frikadelki-tomatny-sous-horeca.DfoI17oS_77S0g.webp
2204bf827233f8a573896a979e57c1f78900e68429eaacf93389207e37d69a6c	_astro/rizotto-rizi-bizi-pesto-zeleny-goroshek-horeca.Bh8-3jMc_1x9ko4.png
223a41995452676517867ebecbf515505b908ec99969a8e143c4478edefef69c	katalog/index.html
2259af2c0279e4e37912c1b232f8500f9026a82c5b6fa02fe1c11653e4842050	_astro/rizotto-rizi-bizi-pesto-zeleny-goroshek-horeca.Bh8-3jMc_Z1mWiOu.png
22fd2565dc07a9fba60031ba2ee90017c8267d1f1152c0e80ef7b16e308aafb1	_astro/pasta-frikadelki-tomatny-sous.QWMST8gK.png
24fe8adcea02b416cce9126e3dd5d254aeecb2a1fc3bfa9d73c8268180761ada	_astro/rizotto-griby-slivochny-sous-horeca.Bayg6BSC_GYCM3.webp
252d032ad6458d29b8360b4e95b0080d8ad60bd94c93d001b1f7a51e798b48bb	_astro/mak-end-chiz.C6KgzSw__85pKj.yD5jkugm_zmjyw.webp
2592f228165db9e11828f87dca3ef1513a774779286ff6258d16d69c568cfcab	_astro/o-kompanii.XKmwLApu.css
25ff2c08a97abd29344d9cdf0afa036d2c80cba42b1683358a5620acd2e918b2	_astro/mak-end-chiz.C6KgzSw__2ajFi7.webp
2617971fbd0b0fa6c317d63c05c93040640750aaef32bbca4ae4c52c3963f2b3	_astro/chetyre-syra-horeca.mFhdUiiO_1rQDhu.png
261c2b03d3ac6d4c396ceb1bdb15d292132ec4caf7da3bcbd1720716e60e4c2a	_astro/logo-pastodel-clean.H0i7wMf0_jlrf9.webp
261c2b03d3ac6d4c396ceb1bdb15d292132ec4caf7da3bcbd1720716e60e4c2a	images/logo-pastodel-clean.webp
26365e4bc2880ac610da87d9a5f51be19f759ce215124260f6b252caac0ddbf0	_astro/alfredo-kuritsa-horeca.B9CdtjsN_ZoHx7.png
26991f6da69c8dbba019b457a8ae8cbf85fcbe4afe2d6eb661a3c94500d538f0	_astro/kuritsa-pesto-vyalenye-tomaty-horeca.DtH-vghS_Z2aHVjk.webp
26c8ee1cf2eda71271f1ab7b59a0d7f9f5fee3305ff5ac41bbcea6db9c8c1cca	_astro/alfredo-kuritsa.IpX7MWOn_Z1BQpuC.webp
27159825c755e1a8b538456e718315c0a48c0edff2fc036ef461934b0f80999a	_astro/mak-end-chiz.C6KgzSw__1nKW3j.webp
27299124dcf26c467581a21caa0816dffab9021c674c4710c7452a76cad9b2d6	_astro/rizotto-rizi-bizi-pesto-zeleny-goroshek-horeca.Bh8-3jMc_Z1hQqV0.webp
2738b23fda74e0801092b92e10cf2b67e18ed12872b407011a170cf5e1ba102c	_astro/rizotto-rizi-bizi-pesto-zeleny-goroshek.CDQ1G72P_R3woU.webp
2748d0cb795a347a53163ccfe0a0b9967fa5a75474cd8db46752eb90c7d28497	_astro/rizotto-griby-slivochny-sous-horeca.Bayg6BSC_Z1dvbJV.png
279a83fa8b5eb75bc0174adf75c0e54878fe7174c2efe9f6551d940d86ca02ed	_astro/chetyre-syra.BcpZl_cL_Z1kWuUW.png
28453852ea165c47b5a941be00e418402e1407002ed87507f062a1e316328fe6	fonts/playfair-display-latin-700.woff2
28993846adeaf2758f575f680a7502ef5f254a951d787f9c9dbd52972e725214	_astro/kuritsa-pesto-vyalenye-tomaty-horeca.DtH-vghS.png
28cd53ff3d55b266454fc6720d4e499b1a7b32aa617532738c518c285c5299a7	_astro/karbonara.CZeJuoEA_15WsNc.png
2a316ba260ddcc80df75374804c95a26f991818d778e0e1a487e21e049f8c6f6	_astro/rizotto-griby-slivochny-sous.C-nnG8bC_Z11KRKB.png
2b23e986a024efd6bd04c0efdc003bfe72c43e637c6d9f50314db56afde05961	_astro/pasta-frikadelki-tomatny-sous.QWMST8gK_20kORj.png
2c17b3bbf52da31bd8ba653befbfb258a795d1246ac93a53765e1a78a75a24a4	_astro/vetchina-griby-slivochny-sous-horeca.jWTjw6JA_Z1WcDzk.png
2c35527b4db82bfc8b0757efc2e1bcb53a86b27a2ff89a03cf13be2a0f987959	dokumenty/index.html
2c5d21ca388127d4ece99d66e08ebdf77ea14524e3c5c0c2048aae05ffd9e6c1	_astro/rizotto-griby-slivochny-sous.C-nnG8bC_HytmI.webp
2d064f6079a2fda588055abec8b11226ac317f4f86bb1c85412ae058df84bc46	_astro/kontakty.qDvV3qrU_2iDTaQ.webp
2d1a31a2dbb155c9cdab65403785791d782846d4f8399fbd13da591e3999b285	_astro/kuritsa-pesto-vyalenye-tomaty.HFynwqNL_1nHfcq.CcVFH6en_1yFs5q.webp
2d2f946a1e59bc72d6f61d39e0aee8b4936681bf8a790887fcceba1d2bfa2a1d	_astro/kuritsa-pesto-vyalenye-tomaty-horeca.DtH-vghS_Z1SqdpH.webp
2d5304fe529a94adb17c1822344532efbba77d7e93d0e17dc641f529b5e2895c	_astro/page.D1uwR3nK.js
2d8a7e6ef2fe8da10d0d3193bbca8391c0641eb7a056d634becfed07ab55f3b7	_astro/alfredo-kuritsa-horeca.B9CdtjsN_MWfF5.png
2dc5b5348717b1a31f1273e74675ad9cc801037052ab120ceb96870734347428	katalog/horeca/rizotto-rizi-bizi-pesto-zeleny-goroshek/index.html
2e69f6939c78e53251e9bd5da9ee33f01c47f7fde60906791b0a50139e1584bb	_astro/catalog-hero-logopasta.Dau36bTz_ZIp9vc.webp
2e6c43314cf811c2bf4aa11c29630777f0c36c007eff8e3e45e6c3f4bb1a2009	_astro/vetchina-griby-slivochny-sous-horeca.jWTjw6JA_S6dWN.webp
2ebf2d249851afbc232a5766ca93aa988881d1b924bc391d3687c6a6e8662510	_astro/karbonara.CZeJuoEA_1nYD46.png
2faa7ce972a03e06523bb4b3a6550ff46be60a6c7105ebba93fd7faacec687a2	katalog/paelya-kuritsa-ovoshchi/index.html
300516d375fa88b58a7aba29fde2c8257f0c1f344e0acc45475f9fc05fbb5181	_astro/paelya-kuritsa-ovoshchi.Ds5b_jxz_Z1PRAgE.webp
30264f974fcc72c355341fcd37c85936283c20a21bee4222685ec44c1c4b1260	_astro/primavera-horeca.DKyr1zTC_Zk5742.png
30f52a96813104bd1a28f45f94f9718b4811f2be79c3d4b86be8292279eb4677	_astro/gde-kupit.ZwO_ySWU_1Fdvpr.Uw5VBbdc_Z13MDtS.webp
310d64a2ca2bc235056bf78db2d60f641e3ccf23f1921fffa7861eaed40856ef	_astro/mak-end-chiz-horeca.Cz0VqWKl_1xUbeV.webp
318b60f6753e9241bee96ab35f76f45abd169377d4e36721c61da3827bd74177	_astro/karbonara.CZeJuoEA.png
31e04e41bbc4df99b9c7d2508604fcdf8fc6168f35f1061c5fabf72fff34888f	_astro/rizotto-rizi-bizi-pesto-zeleny-goroshek.CDQ1G72P_200NMD.webp
32618f438766613828bb16b6543d5688d2109c238ee038f58a85faabd75336c5	_astro/alfredo-kuritsa-horeca.B9CdtjsN_2bU1bo.webp
337514b03d266ad3f10750953b7f1efb42ca1df03f1433b32d0579f94cd9b99c	_astro/kuritsa-pesto-vyalenye-tomaty.HFynwqNL_2aYb6G.png
3393a931d8e521e750c89b997f2b3ed37cb01369f4516a01d88027f523889dae	_astro/alfredo-kuritsa.IpX7MWOn.png
33dd08a8a3cacee5bc8e58118615c25c52cd8c9290a356cf13b372598f9517bf	_astro/mak-end-chiz-horeca.Cz0VqWKl_Z2iQLJU.CrdPM54m_ioQ1x.webp
3451816da27f6fbadd3d7ec20dfb3ab5f5a293842a4a3f642575559097295771	_astro/primavera-horeca.DKyr1zTC.png
3453f013595abf1c2d50ebc1d3d04b0a93e4bb9644cc4236272296fcfb0e92d4	_astro/vetchina-griby-slivochny-sous.Cqe7htBt_1OWNJY.png
3475b83b21799df79723e380d1cc404437a24ea75311c76a89d510a4a7f7dd57	_astro/karbonara-horeca.ZzWAwcHS_lz7aN.webp
35294b5c545c9c3a25a19a6b258089044481155aa0b49a1a022afc30074a7990	_astro/mak-end-chiz.C6KgzSw__ZXfNjv.webp
35b839538562b8d43fc482ccc8b65943feaa056603d28af3b0ccfbe1e994fa11	_astro/rizotto-rizi-bizi-pesto-zeleny-goroshek.CDQ1G72P_Z1YYrbL.webp
361e995dcec5dfacdc408909b28beb8663f1376ced96ade62e2715289416ea7c	_astro/chetyre-syra.BcpZl_cL_Z1zuK0P.webp
3648340cc79e750011d86a67bd154f61a9433a4691b9616c292d11e99b7d18b6	_astro/paelya-kuritsa-ovoshchi.Ds5b_jxz_ZrtTzG.webp
372b976935dee37b0eb9a2ca762373a1497576e1995b27085db14e7bbad11a20	katalog/horeca/kuritsa-pesto-vyalenye-tomaty/index.html
378c539d16b462a31b0626e0a6814bdc1b1f44e3ae4f07adf3afb71fdf2570f6	_astro/karbonara.CZeJuoEA_Z1leA9d.webp
37f421c2c67d399a3f189c0b088a25f854b81959556290fa089f19f5ecbaf59e	_astro/_slug_.DHDV5T4c.css
380e48f79c74595a9a9e1dfc871781fc629c12f5ac6e572cd87169f7d55b5fcf	_astro/rizotto-griby-slivochny-sous-horeca.Bayg6BSC_Z28FSF8.webp
3881054bdc9e6cb6f92049a514e3e37f8844acaae2f747627b49becbb6a355a4	_astro/primavera-horeca.DKyr1zTC_Z2eMhWF.png
38ee666cc53b83dae7607a34a74e06aeeb9b9f26216d914b3400a3f454ef7672	_astro/alfredo-kuritsa-horeca.B9CdtjsN_keUTM.png
38f6787aebce8e550b5420de6ca4ce287fc6c098a760ad7423750a54eae8f184	katalog/rizotto-rizi-bizi-pesto-zeleny-goroshek/index.html
391e998ef5bee5d4b8ac3256508ee3e546375f05190cae7ff1995388e81db804	_astro/index.qhkovzem.css
397ebbd6f4d0b31a357c37b60c65d51a65a04d5b96af5a3f3e96072bc4ac5f37	_astro/mak-end-chiz.C6KgzSw__1tJXT6.webp
399cec27b317e392eb7f664420aabc88062c657e9cee3eaa4cef580b13dacdf4	sitemap-0.xml
39a6e6127fa983a2a52c6baca17a129ff75d9bef0522dd0e7d680d31c39df9fc	_astro/rizotto-griby-slivochny-sous-horeca.Bayg6BSC_1Oig3v.webp
39de5ee239f3c36ed93c58095d77ee13991324863ebd073a2fc75d4e550ee093	_astro/pasta-frikadelki-tomatny-sous-horeca.DfoI17oS_o24S4.webp
3c28824198bf27932849c2e911d83522f2eca2397912e7f034e5f1c76077346f	_astro/kuritsa-pesto-vyalenye-tomaty.HFynwqNL_1nHfcq.webp
3c3a2dd85d2a812f5d9fc0b9ddcdbc0430efb164cc8d36e18c72887d7155d58a	_astro/paelya-kuritsa-ovoshchi.Ds5b_jxz_eeayI.webp
3e4672917e0d8478e2e067b6372a28f23e4def6b5b1a5de3c882a1b7053e3ff5	_astro/karbonara-horeca.ZzWAwcHS_2s9Jz8.png
3e73f1a7244896e982c442759004969e498dc745256cae9abcc2bf27bbd4d004	_astro/karbonara-horeca.ZzWAwcHS_124Di0.webp
3f57405e06c13d062e7f0719b891fb69b9a6de84b09f7581ca7f3837be4b4870	_astro/paelya-kuritsa-ovoshchi.Ds5b_jxz_Z2lJ7TO.webp
3f890ae43729f5e39454cef7e3010e401d01000cba2fd2a12cd015d9b1c2096e	_astro/paelya-kuritsa-ovoshchi.Ds5b_jxz_ZTs9df.webp
401af898ea8342c7a72d955f995a16ffa2b0dca557a0c826227c5a1ae9b3da50	_astro/vetchina-griby-slivochny-sous-horeca.jWTjw6JA_JJQaM.webp
40448e104b331bef240ead287443ed41afd0be873594e333317e281b320219ff	_astro/chetyre-syra-horeca.mFhdUiiO_1Aa9Qe.png
40c98b3c390588fbf51f8bd153e29295b06681becdb6bcb308535b75bd2a633d	_astro/primavera-horeca.DKyr1zTC_Z10pofw.webp
412f469dbb8fc4629aef56cc0dbe372e0e6bc2100247b47b1baffbf3f99814e1	_astro/primavera-horeca.DKyr1zTC_18Nb6V.webp
414e096449aac82d11083faf00cf96edd8e92bfacfd97e56dbeed5bf75064932	_astro/mak-end-chiz-horeca.Cz0VqWKl_Z2wvYhW.webp
4165fa513de9c8b68d0b269a5d1622cda4e84e3490d7c66f474030fedafdc240	_astro/alfredo-kuritsa.IpX7MWOn_cQHMh.png
42404e3289df0bbbf409af07a4879b340b9d8ee97298c670efb637901855f805	_astro/vetchina-griby-slivochny-sous.Cqe7htBt_8TaDL.png
4258c505b197090dbeeb32d4cfdef7d926cc8d2eb3574f10cd76bdd70bc4e4ee	_astro/mak-end-chiz.C6KgzSw__Z1Y4B4W.png
427c11a406b1c0f0d8e35148d6d10dd466bc9569571b3e72a4a5b8c9e255e73a	_astro/rizotto-rizi-bizi-pesto-zeleny-goroshek.CDQ1G72P_2vVzbV.png
42b80c158cd0d2b1f6332c49032b991025df555357d20e54bb02142ad0e3d164	_astro/karbonara-horeca.ZzWAwcHS_XrBOt.webp
4323aa9535fef3ad3bbf6e89b6364646a0be031a999d5b2d12d241c99d6d1021	_astro/karbonara-horeca.ZzWAwcHS_11Tomi.png
432962b9fc2e870edaa9417bd22309a92aec2df687bce3ec9b3b4eee06018c96	katalog/primavera/index.html
4337a6745a03561fa35ac54fc9f99a0a9390d68b7717a011736170344a9d5c67	_astro/primavera.CuHxQPa3_ZmJEpk.webp
437cddb417eb02be71285408e7cdbe4e692b3070dca8bd80a4a5f837f25f791a	_astro/paelya-kuritsa-ovoshchi.Ds5b_jxz_1VYXVW.webp
44060ae170cbecf21a4f76f20d054430bcd652b1eb2fe7801f6daed54d556a2b	_astro/alfredo-kuritsa.IpX7MWOn_14nX7b.webp
445a0076653808bc3f7b5e3cc4235a36fc46558a342bf47537c4a4a307b38737	_astro/alfredo-kuritsa-horeca.B9CdtjsN_1ykC0x.webp
44600254dc4962a2f38afb92b336fee530ac773754f9a1a0c0bccfcb84159ce1	_astro/primavera-horeca.DKyr1zTC_1w7Mpw.webp
449605dfc2dc8556cba7970391b7082acc7772df270cbb3c2de1bf11784b1c35	_astro/logo-pastodel-header.E2mO1c2W_ZNKA4l.webp
44f7c0b05406a333d00d1bead807539e375140da030a8de14189ae00d81c2f12	_astro/karbonara-horeca.ZzWAwcHS_1LIV7f.webp
4660035d392e263104e459278491e4b080afb493f1ed4a413903b4dad1c9d276	_astro/rizotto-rizi-bizi-pesto-zeleny-goroshek.CDQ1G72P_Z1kliq8.webp
46b388ca01d0d4e1b82889aabd2eba86200b84c4a5cd1b52bbbf2cc7299ac037	_astro/rizotto-griby-slivochny-sous.C-nnG8bC_23yWzM.webp
46bcb2f5b510cce513b36a94d4f03a6eafa1f5b3fbd93c1b6016c7137ad6c643	katalog/rizotto-griby-slivochny-sous/index.html
4708ca3f4582d229c007f9a461705cb522c7cddc80e93483120d7c7f785d4c86	_astro/primavera-horeca.DKyr1zTC_1AsOPb.BPx0aWae_plcG0.webp
471b39fa9d65170a25355cd8d8fe01a8655449545d6c64ae6aa4dfac5a55e5d3	_astro/vetchina-griby-slivochny-sous.Cqe7htBt_ZBhUfn.webp
4727dc392292c31f5a6712c263aaa72da77a3e077ba3a0c51c5aaa8dac9a9c1c	_astro/logo-pastodel-clean.H0i7wMf0_Z1IRrnP.webp
473716fc329cfbcce26fb39ed830e5617dd65cda137b8b7a547144f1e846fa62	_astro/stat-partnerom.h7iWAwGm.css
47fa9b1c4ea0b77d571b403e8162f8b16572312b96554f5fa4d16925a3462141	_astro/o-kompanii.B6_GtjQ__18xrDF.webp
486772cfd94c792dab50c83f540bf786216a64184494c87759c816c02fee8802	_astro/kuritsa-pesto-vyalenye-tomaty-horeca.DtH-vghS_Z1vImhs.webp
48eb628f4c7eac4a398bd1087d8165520ec59380f5c40343b7fb01b6997e8c58	katalog/alfredo-kuritsa/index.html
48f27948bcfa8643bd7f57da2fd2addf2754d7e60ad214487267e8b46d01b10b	_astro/paelya-kuritsa-ovoshchi.Ds5b_jxz_VEdtc.png
49d7729a7f057d00f76797054cd286a09d61bba6b5237dd415dda2d3211ab5ed	_astro/chetyre-syra-horeca.mFhdUiiO.png
4a2f920cd3a0ba592a6d40ed61fe81d7ccc8d1dc50b7b45e47e4907a7ad1d308	_astro/vetchina-griby-slivochny-sous-horeca.jWTjw6JA.png
4a8fe17dfbd484d99f9e652dd7aa8c35f28a769c088e110b2a0e7134996ed4a8	_astro/kuritsa-pesto-vyalenye-tomaty-horeca.DtH-vghS_16kVPa.webp
4ac0b932b14a01dc5d23a8305838e262371a60797dd17a379f64814b9f416929	_astro/rizotto-rizi-bizi-pesto-zeleny-goroshek-horeca.Bh8-3jMc_ZqUuAa.webp
4ac353bbd01fbf24d7bd5d42e73cdc7f6829e9c8187015079fd7554b5bf56769	horeca/index.html
4b3eaccdc6ed9b1297362bb7b243313c2e79f17b8a572db1c07ad7262a0b4143	_astro/pasta-frikadelki-tomatny-sous-horeca.DfoI17oS_Z7192c.webp
4b50bd62074a64116935597698692b845c8a20bb820ab70841cf522817e10711	_astro/o-kompanii.B6_GtjQ__18xrDF.CwicpADW_Z1zhQp7.webp
4b6cfa0a8ca0f1db6cf2131c7660d2290b975620f098d498affc75153d3cf031	_astro/chetyre-syra.BcpZl_cL_ZHoC1J.png
4bc07e2b734600115cc93faeac178b87e387325f135e1b5ee5507cfed5139841	_astro/primavera.CuHxQPa3_ZVfLQ5.webp
4dbe4cb6398ca5840628ddf2c3363347b1f6d2c92f28199c5241b74b90a25e80	_astro/rizotto-griby-slivochny-sous.C-nnG8bC_1FAz12.png
4e0a99908a94f2307d35c9bc1dce66811b8e5eaad2f43171901821c63e9b5fb2	_astro/karbonara-horeca.ZzWAwcHS_Z1lDkdw.webp
4e10a80d998f38f3e23bbf6a7a5355eb29932f7c20cf4be82af8496ca6829447	_astro/universal.KhHo-xsH_ZRJCIk.CkFhsaoB_ZsIOL2.webp
4eb2ce608e59160d335c30b4393c7d8df00a8c8f553c6e7dd8968c4a9c39c856	katalog/horeca/rizotto-griby-slivochny-sous/index.html
4f827b0ef9457f032c59de4dcd96c93a01f933e3a0b70f70202449d6764826ef	_astro/paelya-kuritsa-ovoshchi.Ds5b_jxz_1oCs6K.png
4f90b30e3dac13c094601bbec2cdab6a6c78226e90d90df1c0b87afa8b824329	_astro/vetchina-griby-slivochny-sous.Cqe7htBt_ZdXeCo.ZBgPye9a_LdKxs.webp
4fcd7740253830a80f1666086fd92aa78503fd9159018f6acabe31b188054ad9	_astro/rizotto-griby-slivochny-sous-horeca.Bayg6BSC_Z2sG109.png
4fdf46a8a32f9217a34d08f5094b9167eb704bf09ccc397e5a37a310db71de68	_astro/mak-end-chiz.C6KgzSw__1S2sQ4.webp
5038b16cf24851c861e14429f3b493e8b80de3d98b200cf6a51cf6f82493e859	_astro/kuritsa-pesto-vyalenye-tomaty-horeca.DtH-vghS_Z1A10zY.webp
504082a6b8a0c933a6a31470baf7daa25572eaa944fc0b8d1f8751e0d1d69d27	_astro/paelya-kuritsa-ovoshchi-horeca.DVGQgO4p_Z80TDV.webp
50b489e2056d3fd82d0b1b0072a9daeb57e8dd30b685bd8500a5d21756e77474	_astro/vetchina-griby-slivochny-sous-horeca.jWTjw6JA_Z2aipsM.png
50e21b801344e0c2bce2202010f23c9afea6d6c0c621feb775ca8ef610c57a56	_astro/logo-pastodel-clean.H0i7wMf0_ZYuQ8X.webp
50e8853d319aa9402805577434cb8e2878667b518fafd1c37098333ca63f972f	katalog/horeca/chetyre-syra/index.html
51001c7049369ca485e34d78d029d3c0902f4e3f89ca7eddaf87e4c8e618cbb2	_astro/mak-end-chiz-horeca.Cz0VqWKl_Z2u0BpN.webp
511d9e3e5587bc0ea0319a42b4238866785d249ef8a3a37323ec2de27bf56008	_astro/logo-pastodel-header.E2mO1c2W_ZDrc6J.webp
511d9e3e5587bc0ea0319a42b4238866785d249ef8a3a37323ec2de27bf56008	images/logo-pastodel-header.webp
525c90a7996acf3949de8e9d4413047317e2d8ff296a367593e72e331e98edd3	_astro/primavera-horeca.DKyr1zTC_HLzVO.webp
527f047f5ab22c072c2439d438bcbf69da6c15f2000a976a6d96f89c88e30ad2	_astro/kuritsa-pesto-vyalenye-tomaty-horeca.DtH-vghS_Z1HYc3z.webp
529fe58c08785b0f37d5fbfd7a5b1894388a0c013f55103ffb78a58c13ca3abb	_astro/rizotto-rizi-bizi-pesto-zeleny-goroshek.CDQ1G72P_Op4bv.png
5335a5633164e3a80e2f209b60132361393800b6584b12d1d5a348b7b952ad21	_astro/primavera.CuHxQPa3_19jtec.png
53a6e50153a624e844a92b43bb81bfac38d38bb1e68b570e417f5522b509b312	_astro/mak-end-chiz-horeca.Cz0VqWKl_Z2dFcwh.webp
53b156c85fc17880dd63d2a8229156929c748d83f1f537a70149ba3af42ba91d	_astro/paelya-kuritsa-ovoshchi-horeca.DVGQgO4p_1YqJt2.png
53cd6beb4ff6aafcdb07ba2df1353faa10ef7c02f0daedf3cba5d08f17141e76	_astro/chetyre-syra-horeca.mFhdUiiO_DfO8j.webp
54b9e51a65f9afa2828ecd33cf6e430bebc0ebaf887362a0a09538b21e45d9ba	gde-kupit/index.html
54e39015e5cce47e124b5c26fd07ebb93f6e27ac9c2b072cad87b13ccba74641	_astro/chetyre-syra.BcpZl_cL_Z19VICE.png
54e94bc93ddaa62c2b93bacb6b509c88c9c6f2d31dd24d65240357e09b769352	_astro/paelya-kuritsa-ovoshchi-horeca.DVGQgO4p_Z11KkXL.webp
5541473cc73e991c7935a6030032a20efbf19d1060ca2172fc77304774ada04b	_astro/pasta-frikadelki-tomatny-sous.QWMST8gK_9tEWi.png
55aa74cf600ff249d09d6dfe37aba4344db2c0babab11af36391c3cb20865db8	_astro/karbonara-horeca.ZzWAwcHS_Z1f5t9e.webp
567de56cfe212b58e5fda770580266a04b6c327fa382ff727495f565b1f96921	_astro/rizotto-griby-slivochny-sous.C-nnG8bC_Z1ADDm.webp
5714f01780d2f4b031de7cdb3100aa85c613524bd726beee24ff73f7c8c0dc6e	_astro/paelya-kuritsa-ovoshchi.Ds5b_jxz_id1tS.png
5785f441aa9bfc80da6f6d8b6f892279acdff4f4e159ed443efc9b7516c89ed1	_astro/paelya-kuritsa-ovoshchi.Ds5b_jxz_Z1aKTWK.webp
581dcafe384ed39b4d819a18dac523f1f2933466116c49f61dd710d3cd719847	_astro/vetchina-griby-slivochny-sous-horeca.jWTjw6JA_1GfO92.webp
58317bd119ace145bc64ad2a9aaae2c3c0ae8804de59d09fceea281ffd5975fc	_astro/chetyre-syra-horeca.mFhdUiiO_Z7yxBC.webp
58f51ae911981107180130da9dc445c02ec80802304ae5a746896a684cbc9e6a	_astro/vetchina-griby-slivochny-sous-horeca.jWTjw6JA_2qn9FQ.webp
590b6a8873961953afca06f99bb26f373444435f4b9073e67e9e3fdc32dce19e	_astro/primavera-horeca.DKyr1zTC_2t79en.webp
59c34f0b88ef754086b907b9157371cdb05b6c3f8a0c550b27e1ced0c10ccca9	_astro/paelya-kuritsa-ovoshchi-horeca.DVGQgO4p_Z24UCTn.webp
5a5dc06970a2813f44c721e6fb7afc206bb78e7db06f995cadb57a6632332b72	_astro/paelya-kuritsa-ovoshchi-horeca.DVGQgO4p_Z24UCTn.B91HVefP_Z1lL84B.webp
5a76de22d34483b5c42c9b112afba74e03a4c91950b6c696fd92db115124baaf	_astro/pasta-frikadelki-tomatny-sous.QWMST8gK_1d3SX3.webp
5a76de22d34483b5c42c9b112afba74e03a4c91950b6c696fd92db115124baaf	images/product-frikadelki.webp
5a9d368833ba260e3da99a4fd069fba7762c31df5b67247a21ed618fea986455	_astro/rizotto-rizi-bizi-pesto-zeleny-goroshek.CDQ1G72P_Z1yOlM0.webp
5ae08d0e40558c1e2e05fdb9e07800e04ae5010458ac567a98cd42f619a07ebb	_astro/index.BtXpNSI9.css
5af92f6061820569f8699b2fc19712d74924d73eadd287ee9193d7360500aafe	_astro/chetyre-syra-horeca.mFhdUiiO_Z1q2H9N.webp
5bd1e1dad48e318b86190d915893dc171ced266754e09fd3d875e44eb4356319	_astro/mak-end-chiz.C6KgzSw__1Iqhci.png
5c3193971362a61728c35afbb7f9c2a3a802ac0676de3dd23867a005079a24bf	_astro/chetyre-syra-horeca.mFhdUiiO_Z1IStUt.webp
5c44fa37f653521eab5d6396037e3bdb562890910045feb1a4c5141876f04854	_astro/pasta-frikadelki-tomatny-sous-horeca.DfoI17oS_rgIIP.webp
5cc407d6d64aa1da02c5e39a328b7f57682b32c31139b4006eae8f03bdc4ee01	_astro/index.nWw92zkh.css
5d01003382b987ee06b4e5503584070e1861064faf9308776c43a1036371312d	_astro/mak-end-chiz.C6KgzSw__ZI7enn.webp
5d2286941a6b02a29387efa94809a064f8917598eafa67b938261cf13bb887cd	fonts/playfair-display-latin-600.woff2
5dcfa11dae9df0f064f0092329fd77348bd9d5045da90fbf5f8fc04bb132508d	katalog/chetyre-syra/index.html
5ebff45f77cee6d657e6b4ebc41467c776bc4e8eb9b60a9fe0217ce31a1c91dd	_astro/vetchina-griby-slivochny-sous.Cqe7htBt_ZHIOrM.webp
5ec2bde080d8e44c167a4fa2d8b3bbad8d89005edacc4f709078f3bef6479aa6	_astro/rizotto-rizi-bizi-pesto-zeleny-goroshek.CDQ1G72P_1OUjBu.png
5f051120386f73b8ec76caed41b4a40328376f6801b88ae7163f71682e1e7e96	_astro/pasta-frikadelki-tomatny-sous.QWMST8gK_OJdl4.webp
5f0f9a60b9af4bb65b39ba0a9a9528887bb7bbdc3c28ccb4243e6f2f7d425052	_astro/kuritsa-pesto-vyalenye-tomaty-horeca.DtH-vghS_Z1lmemk.png
5f224937fc54726a846e2f2aef2f22b8bf4624ce85515dc4c833a5561999eb8e	katalog/horeca/pasta-frikadelki-tomatny-sous/index.html
5f32e0510cd3bf282e0838ffe6d8d4406ca638161d24a0ad08ab98409e88e105	_astro/primavera.CuHxQPa3_DulQJ.CCaJcB7p_Z1MgXOf.webp
5f756598a2477684f4c5747c9a098db7e75e526cc98a0c1b7f6cbf959dd0511c	_astro/paelya-kuritsa-ovoshchi-horeca.DVGQgO4p_Z1hWF6o.png
5fac1eaafea7110f46010f2cc5ae32293873e488fca041cf4b9fb7233a673afe	_astro/primavera-horeca.DKyr1zTC_Z2gNsgN.png
5fc1d6cdbe5492bc93823d696911073275830ca93d3382c256d8ad45176d33bd	_astro/primavera.CuHxQPa3_ZYPpsj.webp
5fdd733f3014b74866bbf985c309293112afc55e0aac467e240abd0643a9a10c	_astro/mak-end-chiz.C6KgzSw__1npAnj.webp
60320188f63dd66ccc5211270cd370955bf70cbbd11030bbf8fa52afa9199918	_astro/pasta-frikadelki-tomatny-sous-horeca.DfoI17oS_Z2s3lmQ.webp
603e7ca268b4cbe2bda72f6a3ba54bdc655cadd5a333f263aba1049edf72a76c	_astro/rizotto-griby-slivochny-sous.C-nnG8bC_2le2nV.webp
6106d72e36626a3a77914192ac8f89f0e737d9aea78387238bd6df50d2ce1a2c	fonts/playfair-display-cyrillic-600.woff2
617d9e1cfc1951e29e03e55c6cd27435d0002ac0e54b4040457e3315a56caf6b	_astro/vetchina-griby-slivochny-sous.Cqe7htBt_Z2aEOVK.png
61d4e0afba456b6b2a0b39f913325bf5403bc6973d04690c88e661a271c1d72a	favicon.svg
62ae170a93131b2ab751644aaababd32a2d2d0864a47bd2d6b8471d9c4e6339e	_astro/paelya-kuritsa-ovoshchi.Ds5b_jxz_22BCJ4.webp
62fa4cf7ffbe4ff1981e082430cc8d07cbbbbd83c6a56e20b0ce5b61d4e016b9	js/forms.js
6328e60810e2eb4a664360b4380c5ebf3eae2c8eb943b5d118e9c7f0f695f9aa	_astro/alfredo-kuritsa.IpX7MWOn_W9X9n.webp
6339e565060df5bae35d8339bdf00d608b255b97682c37b34823776bbfe20045	_astro/alfredo-kuritsa-horeca.B9CdtjsN_Z15w9WL.C4EbP5rl_ZFH53H.webp
6374c6d21f2a99def517e019c8658ad30de2eadf26ed5bba082833a8743c35ac	_astro/pasta-frikadelki-tomatny-sous-horeca.DfoI17oS_ZoiQUO.webp
63e979d6880512901e47e56f3e6fd6e5b5ab3728c64a775c5cdb4ad6df441332	_astro/index.D5Jrt_h2.css
63ee053baa9e8a67d6e8ef53412f10efc944fa45fc992a3d994a42fe3ed9284f	_astro/primavera-horeca.DKyr1zTC_ViVWf.webp
64cf0a684dc98bbcdad5a74d10ece05ab27901abf79798a23625f2dea4fe8ac7	_astro/karbonara-horeca.ZzWAwcHS_nAhtV.webp
6506671e70175421a54847221f0c064861bd93eb34cab10fe9a74b26970e249e	_astro/alfredo-kuritsa.IpX7MWOn_Z1Q9MrC.webp
6562c753114172bde942917576ea52ce2f5612e64366a5c1b2a4ec5f108457d4	_astro/primavera.CuHxQPa3_Z2gQbJa.png
665c7554741a0cb84e55a69e0a7bd851ed47da44796efc39a876057c024f2a6b	_astro/mak-end-chiz.C6KgzSw__Qk9dc.webp
6686717797fe66ef6e0775a9976ed4cd561518159392f078da02cea427edca3b	_astro/mak-end-chiz.C6KgzSw__Z14LLM.webp
678303c42f0993f6ce939be6716de2520bc761c8ba54b6996e504ebc3dde49bd	_astro/index.BK0k8Wry.css
67f7f1ff5f712a724e0ed3166004105f58efe282c756fd6cc064c9fc603b6808	_astro/pasta-frikadelki-tomatny-sous-horeca.DfoI17oS_Z2cr7Ag.webp
680b6574a077c25731830a8edf58b730bc0fa14763fe9bd496982c82df4473b7	_astro/karbonara.CZeJuoEA_1pOrV1.png
68c0166623b357dc913b7cc8db6c38d02dbc813a2cf751390f296b608333df6e	_astro/karbonara-horeca.ZzWAwcHS_2iB6xe.webp
68d1cfdc684c8ab7424dfc5e98f9ea5a9982b079a663f1131f1d2356a718560c	_astro/rizotto-rizi-bizi-pesto-zeleny-goroshek-horeca.Bh8-3jMc_9z426.webp
697d8823be05cf5dc02eebda14b87ce64d672765e6de80d4e6fb957843ad9b81	_astro/alfredo-kuritsa.IpX7MWOn_Z1dHhE.png
699194121f38aa1e567607ce5d1fd586d4ab46f58a6f1749467e7e587015096d	katalog/karbonara/index.html
69c7e4b761081530a630516b7cc3c3434b756e735706e41fded8134bc7261ecc	_astro/pasta-frikadelki-tomatny-sous.QWMST8gK_1d3SX3.BpIfYQ6i_Z1plv4i.webp
6a33a07697c1d680eefe89dcf144ed15a706b4637c9e305f741d2b087cccc75f	_astro/horeca.DUsO0hzM.css
6aa2f198474ea4c72126b421741edc24c14952e6f3e3ea7133d22eb699be7ea5	_astro/vetchina-griby-slivochny-sous-horeca.jWTjw6JA_VkRNz.webp
6ac44b042037990acf20a23024d5da2c3d15619157f7bba8cb5e4aa8f87dd5c6	_astro/primavera.CuHxQPa3_X3Kjd.png
6ac812306a640a3c7b57d46829a073397cf559956ecbabf59bb550da851a99ad	_astro/mak-end-chiz-horeca.Cz0VqWKl_Z149Eq.webp
6bb7e5a8d8291900673b3d9ba9871d8f8233e3d244c69574c88ac69b8bc22d69	_astro/rizotto-rizi-bizi-pesto-zeleny-goroshek.CDQ1G72P_QB0DF.webp
6c1b2a2fc3d0cfc3ac0f339b8e34cd63e4482625d27f3fd193e8655128820c95	_astro/mak-end-chiz-horeca.Cz0VqWKl_1F1qM3.webp
6c2a37f82a676bcd441b735e4e2cda4edb8873a059ab9c362a84f0711f257041	fonts/inter-cyrillic-600.woff2
6c5d0210638286b340ac57ec7f9d8f346c3f8e35f765dbe0181b1cd14baba6ee	_astro/mak-end-chiz-horeca.Cz0VqWKl_MwEtK.png
6d01cd039376b394f1ca3654ae3f0da70b99c9f0b1077d60cbae3d437fa032ae	_astro/rizotto-griby-slivochny-sous-horeca.Bayg6BSC_Z2gNnaL.webp
6d30f92e7ab89d0cdc686699d8dc57633bd5d67375c70df9cd07251ce7198ddc	_astro/partneram.DMd1JByY_1rJtxO._QCmfcwM_ZTWvtM.webp
6d38f1a712e2fdab2ec643eafea324de306f100851741dfc64ec7664770a8f0c	_astro/paelya-kuritsa-ovoshchi-horeca.DVGQgO4p_qtohG.webp
6d82ecb4f96023a56200ce0e1822c81ea5b7833a9ca8a289f909df01c1e2f85d	_astro/rizotto-rizi-bizi-pesto-zeleny-goroshek.CDQ1G72P_Z1JPmti.webp
6dbbb785fc9cc4b5a7cd9e5d7323b9b21e02e78b25b59f90aa4add13a89742f0	_astro/kuritsa-pesto-vyalenye-tomaty.HFynwqNL_1rOFJm.webp
6ddcd50366befd9294b4da768e866de39363df81ef305ee770a2e86d4a88ae99	_astro/kuritsa-pesto-vyalenye-tomaty.HFynwqNL_b15hu.webp
6dfff83462a4368aabc695235b2941584e9988d1920cb3ecb53b356d2af3811e	_astro/vetchina-griby-slivochny-sous-horeca.jWTjw6JA_1c2fSw.webp
6e13f173eebc1201e4b7338e6ab9a3a03e8ea528b5d613b31193f0d284c30e33	_astro/karbonara.CZeJuoEA_Z1LBeFD.png
6e5e05f8772c53115de53171f370eb5141e516968f4a8104ea785cade2241744	_astro/paelya-kuritsa-ovoshchi.Ds5b_jxz_1TXNCO.webp
6ef9daf367957ad96ecb8a5bf662af88b414b9067b27cee6e3f6c47295d0bbb7	_astro/rizotto-griby-slivochny-sous-horeca.Bayg6BSC_1qr4i3.webp
6f2c8f0556bc24fe14bfc672f1645653574919fbc2238a761b11d7978a6891b1	_astro/rizotto-rizi-bizi-pesto-zeleny-goroshek.CDQ1G72P_ZVl40w.webp
6fab6f8a86d7e785f37075342fc3a8c8ddbf9c4d3f847f84cc40f64f3b520ae8	_astro/alfredo-kuritsa.IpX7MWOn_17wEAQ.png
707cfdbf4af8e7cf5852f5bca5fcb4f16712f3e4955f9007d405e79bb1ff2b06	_astro/kuritsa-pesto-vyalenye-tomaty.HFynwqNL_1n797R.webp
70dea1686bd3074472e1619e96a65bd9cb7a6570ffdff187767fc43b25d98327	_astro/rizotto-griby-slivochny-sous-horeca.Bayg6BSC_1YRKGO.png
712a73ab1eef98c218be9293ca40e9fa4f2bace94ffd0ab7dd05ebe20fe7f34a	_astro/kontakty.BtDhHI9z.css
7200a0a4812d6ce851b6d7d904db43f38249e4ab7f3633b5ca2c359fddace208	_astro/rizotto-griby-slivochny-sous.C-nnG8bC_208Q8M.png
72516144da345b5dd9431711929465a03310c7fbda188f903debd329c3be9ffe	_astro/vetchina-griby-slivochny-sous.Cqe7htBt_Z2Ujwc.png
73198294cc06e141707b69f9f76129717babc3bd547c9f552425eca93e153229	_astro/rizotto-rizi-bizi-pesto-zeleny-goroshek.CDQ1G72P_1N5F1g.webp
737c71e15ab189c2fdee7187806bdbc9d0f2ddaa45ffb5df1e0abed2ffd35431	_astro/alfredo-kuritsa-horeca.B9CdtjsN_Z1go1BA.webp
737d87aecbbd3beabbddf8aa48cdfd29fac40fa1561011a236d181b359b6c603	_astro/kuritsa-pesto-vyalenye-tomaty.HFynwqNL_Z29An4N.webp
74d29dcdaad5d1644b2f5bb6d7de83bc9124caf85a5bdc3e2f48909d8ecf2ae4	_astro/pasta-frikadelki-tomatny-sous.QWMST8gK_Z1VIOny.webp
752372f953fb09162040976186b09810bb1927ca0d22718289ed28c86aa74308	_astro/kuritsa-pesto-vyalenye-tomaty-horeca.DtH-vghS_ZgSd8F.png
75244401129ff0e811ab02ecbccf0c5352bb8874aee91560f08c362504a0b8b1	_astro/chetyre-syra-horeca.mFhdUiiO_LykH3.webp
754c71ca5cec1744751bf7336b12d10c47dd14e14f23be08a443815456b7dbb0	_astro/chetyre-syra-horeca.mFhdUiiO_23T4o5.BFUo2eOr_ymnQS.webp
75a7c0b833acb5a977eef456774efca06bd0465d8678e1363b0cf956e8a2460e	otzyvy/index.html
75e3d57ecec58691c15d62cb63f458700eb00113d2e4e1c8d754080393cca1f6	_astro/rizotto-rizi-bizi-pesto-zeleny-goroshek-horeca.Bh8-3jMc_tuMtK.IP0DyejN_106mGs.webp
75ecb720b39023b8db0369a38f8d5bbb054aa9be64d863566cbe85ceeb7fdaee	_astro/chetyre-syra-horeca.mFhdUiiO_2sDV9w.webp
7616bf105d4a82d144b9aa7ca6e1e9d78da5d603081f3c898f023110f26d4178	_astro/pasta-frikadelki-tomatny-sous-horeca.DfoI17oS_fFH63.webp
7625efd462b9e95fcff26f21018902496089d60a8fb9666cca2a838cc487742c	_astro/chetyre-syra.BcpZl_cL_LcvTj.CW1CEpc7_Z1h2jHh.webp
7639c04477d69ce7119679757660885a0e93a213358b023f1dba9f91c2557725	_astro/partneram.CFv8uSZR.css
76c45639074e50dec37df712a4c1732d57be528f3f576e394d691732ce6a5f81	_astro/alfredo-kuritsa.IpX7MWOn_Z1mrgEb.CKiuqImf_HyUEa.webp
76d5124cee9b8a3662eb7db53236ae633768547af5e1c98f03b52e6f57a65e66	_astro/dokumenty.Dv37fmEY.css
770625fbe91a7194ab4c0739cdf52e8e97cfe79963ec496909a8479592f43f43	_astro/kuritsa-pesto-vyalenye-tomaty-horeca.DtH-vghS_Z1k8kDF.webp
786659fc13e02a5af745a55d275bc22728096aa185720c6a615b64e5adb19dd3	_astro/karbonara.CZeJuoEA_iAHmQ.webp
78b43db3a355fb1936b6ece3d9a558a742f9c90b29df40b41a766a1e7cb751fc	_astro/chetyre-syra-horeca.mFhdUiiO_ZGY4mp.webp
78bfee652bc139d3320dfa23ac7a7453b69128f72234e7c6ffd7c70379ed0580	_astro/chetyre-syra.BcpZl_cL_27R536.webp
796a5d19e24355be2c32495301cc43dcce8f9ec9ebd422aab55f3d2bf37ce0c4	_astro/paelya-kuritsa-ovoshchi.Ds5b_jxz_Z1qT8h2.webp
79f3537e37240dc0da9f458356bb4a50fce24e077188f6252b0c369e585047d1	_astro/mak-end-chiz-horeca.Cz0VqWKl_Z1HUa8L.png
7a04c0a76cbefde71e3c90b4f461ac2594a9c2512de2ee94dfe186d10dc37fdc	_astro/alfredo-kuritsa-horeca.B9CdtjsN_Z15w9WL.webp
7b4a777bf11ad5853915baaf2b5e975441ab982b6587ec1d5e90217d28b5dc52	_astro/kuritsa-pesto-vyalenye-tomaty-horeca.DtH-vghS_Z14qWyI.webp
7bc3669248016d2af9fae759805489b4d1c079069e714a3f1ca248fbe174f5ec	_astro/vetchina-griby-slivochny-sous.Cqe7htBt_1iUgTj.webp
7c18f206b1300e29e9dbe7a67f0a3eed81dbc97abc1b914d8cd95a2e8cc9971b	_astro/paelya-kuritsa-ovoshchi-horeca.DVGQgO4p_Z10MzoS.webp
7cb0a0d961b4d1467cf41822ab7d3d949cd8a9df052a2cf2bf4fd0f2c38d2023	_astro/kuritsa-pesto-vyalenye-tomaty.HFynwqNL_1OK80b.webp
7ccb03215ccec1c460f99bbfde159801fa9779cdf54a23e29b70610f7ea53cbd	_astro/mak-end-chiz-horeca.Cz0VqWKl_1m3tJA.webp
7d64efd37b514b52bff9129e701281bc0b447f0e2635558391347eeaee183cfb	_astro/pasta-frikadelki-tomatny-sous.QWMST8gK_Z2keIjb.webp
7e1fd78022df423fd9f694dc1b57d793b91b7bf1772273489edfa45906549810	_astro/primavera.CuHxQPa3_DulQJ.webp
7e5bc21db26fec724e8d8f90c8550c91102123f27e30bdb728c788a72ffbd0f8	_astro/mak-end-chiz-horeca.Cz0VqWKl_ZiuGG1.png
7f063b5f39972564deecf97c1bc57a4e6bb3c6b2985e72e33cbbe36858a1c468	_astro/rizotto-griby-slivochny-sous-horeca.Bayg6BSC_iYfmS.webp
7f184f3a7e28114df3d944179b5c3e85a4fc9ffe1e3873fd9258848c6e3ac653	_astro/paelya-kuritsa-ovoshchi-horeca.DVGQgO4p_Z1X7Tcz.webp
7f368cd2997510f218f63b48042099474629b188687ae0efff792446ec902ce1	_astro/karbonara.CZeJuoEA_Z2kdcaa.png
7f4cd39f0e951bcf822c6e6264d85d861a4acc02cd3380e7a0c962e493de23b8	_astro/mak-end-chiz-horeca.Cz0VqWKl_Z1JK8F1.webp
7f756d1b05db843702557bf1229ded24bd8dba525177a71948a878832e153228	kontakty/index.html
803a7b9099747655d40e212dc520bb05d0a6488098469f657f901f169da18e72	_astro/primavera.CuHxQPa3_Z4q1sD.png
803b12bea51623a06d48d3b7319574697e024b8d221381002e828b26b081c0aa	_astro/karbonara-horeca.ZzWAwcHS_sjTLF.webp
80735bdec04de2c420a9681f06bb55efc3a96ed6f65c0c0787333cfb649d3f41	katalog/pasta-frikadelki-tomatny-sous/index.html
8120e1ef09b74f2e8d87cbb9ad41e59e940ac7e84860b0f275b66e976d7b01c6	_astro/alfredo-kuritsa-horeca.B9CdtjsN_21rQFy.webp
81ced6805c351f2d266250a1107d256af3adca3e991044904d87cd92453a6c29	_astro/primavera.CuHxQPa3_lWHMQ.webp
821d17de3be1e5d695364f24824b74c572e8d9312cd69f77f872b05c00247c60	_astro/rizotto-rizi-bizi-pesto-zeleny-goroshek.CDQ1G72P_1c4iVf.webp
821d481c7b940b064ab247c3dfb9d92e0643ada44f4f52993ef51aec28453b42	_astro/logo-pastodel-header.E2mO1c2W_1NIsaN.webp
8359d8084a1befe49fe31af7a80598099aa5e7c174f2dd982b5412dc25971255	_astro/karbonara-horeca.ZzWAwcHS.png
837d7e5e3f13af39569e99a3a8b5dee42d190993b79595f9776d12c24e5790b9	_astro/mak-end-chiz-horeca.Cz0VqWKl_Z19YQX8.webp
837f45212cfb525ecab2e35d63609c338338d08a7fadeca249201aeb2f39794c	_astro/alfredo-kuritsa-horeca.B9CdtjsN_1sfGss.webp
83c30caf3cb96eb090929af61d84938b4bce1e810d4cc3f0972874d7a5e635d0	_astro/karbonara-horeca.ZzWAwcHS_Z1KBMd9.webp
83ecdfda518bd551eaf12bc457e3a12f7421ff5626e5e82200946c8504154a81	_astro/pasta-frikadelki-tomatny-sous-horeca.DfoI17oS_1uvQeP.png
842595b91015e9ac0a44548fa7a736277a87882c485bb494fcf30b43044ba850	_astro/rizotto-griby-slivochny-sous.C-nnG8bC_Stnab.webp
84c6650b161d9a62c9efcc4265fbeb60f6e79127595b7688039e6d7f35ca06e5	_astro/vetchina-griby-slivochny-sous-horeca.jWTjw6JA_Bc250.webp
84fa9646e225e4c2f1c467d1e6931d6e887c1cfea704787a76e3b7aacf77c2f7	_astro/rizotto-griby-slivochny-sous-horeca.Bayg6BSC_2fLzjp.webp
851fbd8485004e1e75b6a2df948c6e9e911df7aa411384feaaf3e6178904318c	_astro/mak-end-chiz.C6KgzSw__Z12GTFq.webp
853d6aed7f0e1558dc2339e6e97f4cf17dba94ccb45c3e8d38f4bdc11b2dc062	_astro/mak-end-chiz.C6KgzSw__Z2sOwXt.png
86246de2c227a81f66b47b79c37f48bd71d1997d4c62b7d7b7da06aa4507ecf3	_astro/chetyre-syra-horeca.mFhdUiiO_ZNTtcz.webp
86bdfb49c568a2a90644be4cedd6544baba4ed333030426b4e5d9f198a6459ea	_astro/vetchina-griby-slivochny-sous.Cqe7htBt_yiGgR.png
86f8942402511e86e0f42ccb0e9b9b70d2e4e7bf4fc5570473b966fe79e7dba0	_astro/primavera.CuHxQPa3_ZRuhxL.webp
870503f9a842b18430c9c4512978fe8b27e335ab374d22c952df7e9041122261	_astro/chetyre-syra.BcpZl_cL_Z1tRQJr.png
87a6ed2d180334dad89c4593eccca460be09771b416c0149ec81937788bb92d5	_astro/primavera-horeca.DKyr1zTC_1AsOPb.webp
88d910002ff6d9a94fc48fd5df7df1ade6fb690732920ab337b88cdc96dbdceb	_astro/vetchina-griby-slivochny-sous.Cqe7htBt_Z2fxh44.webp
8909904ab6c872eb994093482a88a28eca2cd95912d7b6fecd72103b0dc07edc	fonts/inter-latin-400.woff2
8997f7a4d8f66773f132015c5c5307ae43f16f5e2eeb6994e99dd37d87974588	_astro/rizotto-rizi-bizi-pesto-zeleny-goroshek-horeca.Bh8-3jMc_d04Mq.png
8a8fd97fc30667a30deceda14a51cf09e70d8ee1fa280184f6a65c3bbac8aa43	_astro/pasta-frikadelki-tomatny-sous.QWMST8gK_Z1ufmKo.png
8ada819d91d1bd00def9ec0c6cdb9bca8d2828d259b950eac362afc371f721b7	_astro/chetyre-syra.BcpZl_cL_1AEjTt.webp
8b7dfccf7fe94afd7c3eca3ca11dfc2c5e6ae224af5b1a1c64033f54e55e36e3	_astro/rizotto-rizi-bizi-pesto-zeleny-goroshek.CDQ1G72P_1pEM6R.png
8c266b6d91f33e13bb7d5a76c31d539dffb388bdeceb251290ac4fbf8124e6ee	_astro/alfredo-kuritsa.IpX7MWOn_Z1mrgEb.webp
8c4e3e8e1ac58b192446fcf440bc19a93f12f3a8ef8c8318b55e2eaef045c499	_astro/rizotto-griby-slivochny-sous-horeca.Bayg6BSC_Z1Rl33.webp
8cd68d45f115b102be06b4852d2d330844b30231f3247ed799855e9c013453ac	_astro/pasta-frikadelki-tomatny-sous.QWMST8gK_1tIgHG.webp
8d68620fab9f44a783c192f5f4eb18aa39118db47f35ca047f7e6ef9f1dd6ed6	_astro/alfredo-kuritsa-horeca.B9CdtjsN_Z2isq6D.png
8ddd244331cc5de31913d4e103250c5acaa384196cab70d2e1a098b7b4082a59	_astro/kuritsa-pesto-vyalenye-tomaty-horeca.DtH-vghS_Z1BAYjk.BfVG7Zdz_1ePzDq.webp
8e2cb670de1f423e6b285a3d1ee3b8691518ecc66c6d41862a60dd5e8074a688	sitemap-index.xml
8e7ed56beffd18821f6849034845b3e4286fba29a5e7bec30430482205a3c53e	_astro/karbonara-horeca.ZzWAwcHS_Z2re8Rj.webp
8eba4901b415af16cfcab4fe310ebb24cac37f4401b84d159210f21b74c2e7ca	_astro/alfredo-kuritsa-horeca.B9CdtjsN.png
8f3cb4546008bf1cada476595c7aafac52c82b3abb2a139a08370177feacbb3f	_astro/pasta-frikadelki-tomatny-sous.QWMST8gK_vKbuo.png
8f551031b1924fea9b49b3c6dffbde845d012efac8512066e8d87e3ead3da721	_astro/pasta-frikadelki-tomatny-sous-horeca.DfoI17oS_Z1SRFfw.webp
90830c8db6c00ea2f51b13095aef0d4fcaccb2a5c39a1fa7c1defda6ceefdc41	_astro/kuritsa-pesto-vyalenye-tomaty-horeca.DtH-vghS_Z1nmYur.webp
911a9d7d999d514c43f5fc7360647cbf0e8e18af868c0740bb533b22b9ca7d71	_astro/paelya-kuritsa-ovoshchi.Ds5b_jxz_VNPeu.webp
914ca3dd20909c0b75da03ea85ec108791c5c08dba82699e8fcbeb42e7acb475	_astro/kuritsa-pesto-vyalenye-tomaty.HFynwqNL_T6Dap.png
919f2328a5ee18cd80c3c132290c1b4b82721478f5bd74ba4b47d23da00024f0	_astro/alfredo-kuritsa.IpX7MWOn_Z17vUur.webp
91fb1cb7223e7c73fe350973c84f34d173d2ec909ba3d9f2f38d06a7f777adf8	_astro/chetyre-syra-horeca.mFhdUiiO_Z10UYlW.png
927d31c78cfd8046ef38500b1171ceec1e194f54e830a10c9bca97d94f23486e	_astro/mak-end-chiz.C6KgzSw__lCSN.webp
928efa1cfe0d7396f5f17b197e8a08748d21e4ac2981e34a45d1f1af6dcb0fb3	stat-partnerom/index.html
9387ece17a7408bf4614daf609ebe67d4e77f7ee67dda06497ca4a3b510dad02	_astro/chetyre-syra.BcpZl_cL_awGBq.png
9428929d6f8234751c1020ef83fcc36b1e36dd450987f672448eab8d356ce8ec	_astro/chetyre-syra-horeca.mFhdUiiO_Z1U2D3l.png
9497b41c147fa3c10ea6178016e9ccafa529e54fbfee7b980a926e62e52ddd1e	_astro/pasta-frikadelki-tomatny-sous.QWMST8gK_2udOUn.webp
952522b01085593d0c4b3e1367c3e899c74fbe3bf89f0e27c1fd41e3ec2c1307	_astro/chetyre-syra.BcpZl_cL_Z2rTG0O.webp
95acbbf490c0857df24beeadf8d06b0834628d6b1602261acb6c6b7a786077af	_astro/mak-end-chiz.C6KgzSw__Z2dFX2l.png
9646a0d5aa19ca28ba360053c7ca964fdd44ee882f873b23a9269c905dfcd867	_astro/primavera.CuHxQPa3_m8S7m.webp
972a51e57508b3821bd97467e1ddedcb4015d09432acb920338c4eec195136fd	katalog/horeca/karbonara/index.html
9749d6667b3ef8f303efce8a5cecac512b91dae7aa23ac1ba9a904c3b990ad91	_astro/alfredo-kuritsa.IpX7MWOn_1xw1ru.png
9770e0b8fd351ac0be68b6149ace56a50aa3b99c4e9691aae73cb61fd6755ada	_astro/alfredo-kuritsa-horeca.B9CdtjsN_JXDMl.webp
978377840f8815529c56027cb90c4033ee86bd45a3d85f18844d0316b70ec40f	proizvodstvo-i-kachestvo/index.html
97ac0431d3e2a51186b93cdfa95908a2e3a73e8a7884c2edde4649a41ca08dcc	_astro/karbonara-horeca.ZzWAwcHS_Z1Yyu94.DG3Ilk7m_Z3vU51.webp
9822e3f07f7c59d37ddc0d1d6cc2f9bf467447dba453ab232da33c3030a6cba6	_astro/rizotto-rizi-bizi-pesto-zeleny-goroshek-horeca.Bh8-3jMc_1Nju4z.webp
987e5f618d172e17873603451cccb2d00c58382eb6b72cab98568e3cb9d2cfb6	_astro/vetchina-griby-slivochny-sous-horeca.jWTjw6JA_1YA0jz.png
9892fb771af87a3efcfd4fb818f83470eedb4c5702abad07f39618db014b3e90	katalog/horeca/mak-end-chiz/index.html
98ac7543749dff94847e89cce8fe9687d39bf3f4a1efc9e24d0a2590dcd7c51d	_astro/pasta-frikadelki-tomatny-sous-horeca.DfoI17oS_3pRjV.webp
98e0faa70c241e6912e65bb4df630ba9231f39867c060ad4c1fea5a4ec4c00d0	_astro/alfredo-kuritsa-horeca.B9CdtjsN_2jCgsV.webp
9911534aac6f003f7af432e26e86aeb5c6a0572f6efc7c0b7f702c04f5aa9770	_astro/rizotto-rizi-bizi-pesto-zeleny-goroshek.CDQ1G72P_EmJaA.png
996084e70715fd5eddd0b7d0230ac1ee74a24b921638ced527df0e62c155d4de	_astro/primavera.CuHxQPa3_Z1hRzId.webp
99d0bfbb3d2476374a9a1d6a2d19dce22812efbe2615b79664ead5a2ef0bcbfb	index.html
99f1e068e55869fbd4321fcf471e5fb998e20d599b62b30c38e69a4cd16d5609	_astro/rizotto-griby-slivochny-sous.C-nnG8bC_Z1WVD37.webp
9c08ec5372e5028c3ca0f8eccdabb4339c623740f264655b43229692d3d375a0	_astro/chetyre-syra.BcpZl_cL_Z2c6jbp.webp
9c5ff3f0c95316b280ac8d98531f011b2f6fa1b58c8ce1d61df68b57478dafd7	_astro/paelya-kuritsa-ovoshchi.Ds5b_jxz_DPJin.B1o28Kqz_1bW36z.webp
9da719bf4674010da6e7be10efcc03f31884052125e8d5a69bf627892681e174	_astro/karbonara.CZeJuoEA_Z13FQlg.webp
9da719bf4674010da6e7be10efcc03f31884052125e8d5a69bf627892681e174	images/product-karbonara.webp
9dec52808312f5aad3050942ecf8e26cee0465053bbfd130c23200ed43fd64ad	_astro/pasta-frikadelki-tomatny-sous.QWMST8gK_Z1RGgdr.webp
9eddc22d9174773b9d21fb1ece9bb068d3ae4d435a6ddc93d423c30f80a0d128	_astro/mak-end-chiz-horeca.Cz0VqWKl_Z2iQLJU.webp
9f60a77fcb25286796564bba946431ea1d26505bd124a5e830f020a7a18016ce	_astro/vetchina-griby-slivochny-sous.Cqe7htBt_ZgfFzR.webp
9f7911d6dfe6a7ac3889ec6b364e88689b42c0f57c7374f6ec5741c000c11ca3	_astro/karbonara.CZeJuoEA_Z1uehiq.webp
9fcd2a5c19d159785cfbd05f8a507d5c62975656e352569e738e3f6b0d74c4fe	_astro/mak-end-chiz.C6KgzSw__Z2iJeyA.webp
a043037785d7027f3530fc9527232e5c3b8071b6fe1de6fc17c176af23f73782	_astro/primavera-horeca.DKyr1zTC_VBA6T.webp
a05ef809f465a30590bd7508dc817ef1013e1cfbbacf024b7c88e7c3854b2e02	_astro/pasta-frikadelki-tomatny-sous.QWMST8gK_Z2fjEqE.webp
a085fde969613d6d61fc8a3387d5627d9c8d5afcb007604592827eef0d39d413	_astro/rizotto-rizi-bizi-pesto-zeleny-goroshek.CDQ1G72P_Z1wALUS.webp
a091101a70a0fafea97162f765383b23f228b9f7b8a68ddd5f80761ef24ff2a6	_astro/mak-end-chiz-horeca.Cz0VqWKl_Z1BwXz3.webp
a09fb14da848874a9f75d689098b3d73c512e81df20fcbc21ff78b01e75f07b8	_astro/mak-end-chiz.C6KgzSw__Z798gE.png
a14cbf259701f5c26a081ccbe68677b4dedf8577149c03995b38dc701ebff1ad	_astro/_slug_.jWXcAHig.css
a1f4f9d4ef7f3faacaaf3c308dedb5da3765a9b3e8254c4da4c053cc74966d9e	_astro/vetchina-griby-slivochny-sous-horeca.jWTjw6JA_Z2oWbGr.webp
a27d0b798fd39b6d01130b7884ffb741a9924eafa939b7f3945217a5c448b6be	_astro/kuritsa-pesto-vyalenye-tomaty.HFynwqNL_Z7xm3f.webp
a2df680307ec55a32aae54b81922245afa4f952b212eb5b7fe0c8f51e57dd667	_astro/rizotto-rizi-bizi-pesto-zeleny-goroshek-horeca.Bh8-3jMc_ZW4FRP.webp
a3d07bb33370d00584baa9c3b9e5a30535925ade876d8df9351e741d07ce003d	js/app.js
a49e8c95ae267b4694b6fd8fe30d4b3085e472cb1a375e010f1543b89984cf6c	_astro/karbonara.CZeJuoEA_2cul89.webp
a57dd15f4f798b7b406dee4e16ed37ffc02f4b52be00b32941d6e15b3b97b53a	_astro/pasta-frikadelki-tomatny-sous.QWMST8gK_2cNOAB.png
a58ede1e7abadb576121331d9204a00741c181e32f2f75d673fec926e18932fb	katalog/mak-end-chiz/index.html
a5d6aae26a28452e279a82631f38065dfc7d2f59b8fe72e54cc051619f47ab35	_astro/karbonara.CZeJuoEA_Z24URCk.webp
a5e719770edad28f55945789f67f08ae46742706426f556846daa0da3d466968	_astro/karbonara-horeca.ZzWAwcHS_ZejpIh.png
a65ea0f34c372ddc1d05220bb587632f5fef0226e5d3d6aadcc2150ba4bb102f	_astro/karbonara.CZeJuoEA_iLRGm.webp
a6aabac2068ff4bb87e1530ebb13faa34636bb67a095ed0089e5ca490c07f034	_astro/vetchina-griby-slivochny-sous.Cqe7htBt_Z298NR3.webp
a6f94d2b71e75bc1e23b4a2d9e8f3c6242ef53f24b4f5cc41a1ad4b097c2da4f	_astro/vetchina-griby-slivochny-sous-horeca.jWTjw6JA_n302x.webp
a788f7bd6394c16214941dd842db52209db00fda9e8f8b133882c65b96e90199	_astro/chetyre-syra.BcpZl_cL_DsJ2N.webp
a7bdf22641efefa62a554da348eb23a5d9671c781debbb789078b152d0738a17	_astro/vetchina-griby-slivochny-sous-horeca.jWTjw6JA_xu1oF.webp
a7cf73d8de96538c35fa9f8a2b5d2f9a4ee2d68de542c8b3bf8a7e4fce92f5f1	_astro/kuritsa-pesto-vyalenye-tomaty-horeca.DtH-vghS_QvgLm.png
a7e7cdbf2d2b43e9f983b2ef8b7e637c1d8ea7b52b7f98e4f6e3985bd5050455	_astro/kuritsa-pesto-vyalenye-tomaty.HFynwqNL_Z19dvsT.png
a87171a7391e02a1ef3d538d3a929a5789e33126b0e4353e63f347a23b9751fb	_astro/alfredo-kuritsa-horeca.B9CdtjsN_1tC5o3.webp
a8ce8c3d54b495e542e48b03ff308b9bdeca54a2211ab148f052eafcf48c43f2	_astro/karbonara-horeca.ZzWAwcHS_ZSgbfh.png
a8cf96306d7633f42ab8ca4b0515929af73f474886eeb84b7e799a36a8ae4547	_astro/logo-pastodel-header.E2mO1c2W_1WLiOY.webp
a8f3fdda1980a3d4490d6c00a2b01d5d39e33ef826d2d1cb8ef8a90d7f75799c	_astro/karbonara.CZeJuoEA_Z11mB1o.webp
a9beaee60f92a04deeb1e2d4d2381ad2b389d27feba2273dad5ee8add76e783d	_astro/primavera.CuHxQPa3_Ku8Of.webp
aac888e6a519757876a42bb95c0a51379c36f98bdf6ec6ef55d03847f5aabcfd	_astro/paelya-kuritsa-ovoshchi.Ds5b_jxz_DPJin.webp
aae4c0c394b1ef40525ae814a2d931b611a8a83c112908de8c6221238e018459	_astro/chetyre-syra.BcpZl_cL_Z1L4WzS.png
aaf43554e6a0560aa5420f8d48231786236dfc0c50e0d1400e7e1e40533de577	_astro/rizotto-rizi-bizi-pesto-zeleny-goroshek.CDQ1G72P_Mbuko.png
ab039bf76a4c45acdc1a3d55c6459d2c9be8d9ac2cf7944703ec55527444d240	_astro/karbonara-horeca.ZzWAwcHS_2iisnz.webp
ac1aaa2bbe70b08a1e2f5cb7dc5cfaa1bd37ac629e0d18073b6d32a6c93a0293	_astro/chetyre-syra-horeca.mFhdUiiO_G2gwy.png
ace6fa1335549bd30a476e401324430f8939d265d91cf6eabc126562ab302ddb	_astro/alfredo-kuritsa.IpX7MWOn_Z1ztwIv.png
acfaaf5f34e12fc227ae8ec4b491d342cda5ab99299fb3ded1383ec0113bb5bd	_astro/chetyre-syra.BcpZl_cL.png
ae11d6ef1db0c6c78ebb43295076b5ba98917d360f89a1059ffbb5adb071fc90	_astro/pasta-frikadelki-tomatny-sous-horeca.DfoI17oS_Z2uvruP.png
ae9ce8afd2d7d63869060b62bf10a069d649ebcf4e2256d5fcc5f11a7129af79	_astro/vetchina-griby-slivochny-sous-horeca.jWTjw6JA_Z1oNwaM.webp
aebda0e7a837ea023ad9651e358e36e81d03b3d83159bfb411f44298cb076e46	_astro/alfredo-kuritsa-horeca.B9CdtjsN_ZnKMnU.webp
af42cbae2c141abfe360462bf7608184ffae0df9eb673ef87082aab15ac1dd3b	_astro/rizotto-rizi-bizi-pesto-zeleny-goroshek-horeca.Bh8-3jMc_1IzcbQ.png
b096d09608ab2988b245f46869262b2c4f041ae8e83ce3080c5267db21e0ec94	_astro/primavera.CuHxQPa3_Z1qRgRq.webp
b19b9ccf011dce33943362b63c6334047d13546e7b4f012a232b9f82505fb676	_astro/vetchina-griby-slivochny-sous.Cqe7htBt.png
b22dc205d7a7b07c3d84f200d63858e223fc886492d53d78bc6606011571c45e	_astro/rizotto-rizi-bizi-pesto-zeleny-goroshek-horeca.Bh8-3jMc.png
b3b6b613aaf012ec770db9611f4a397bae0afcdac5407d5d785e8e4595f0663a	_astro/rizotto-griby-slivochny-sous.C-nnG8bC_avxoH.BwNv5mFs_zg7oq.webp
b45c761ae2a62a72b08c7020014fb39dd02edfd35a90a190fc73c033b9f65ae6	_astro/karbonara.CZeJuoEA_Z1wuj4c.webp
b4bbf440ae7be627266848e28a6926c47e67ae80e3cd1f9618dbeff3bee24ffc	_astro/alfredo-kuritsa.IpX7MWOn_2mv62p.png
b4c50fc6e2c1205419ad9b812fd6eec81011f2d8965d0c919a3a97a10d9b64af	_astro/paelya-kuritsa-ovoshchi-horeca.DVGQgO4p_1BtIaP.webp
b51512b8380944d6f89fd43250407809c765f3639dbfe2bcc97a2f1a7f0f965d	_astro/pasta-frikadelki-tomatny-sous-horeca.DfoI17oS_Z2s3lmQ.DvITTRF8_11WHfE.webp
b640ff2c3d62e2a533666ebb6a9d96cd3470b5df3e4f06d94555f0b2309e4481	_astro/kuritsa-pesto-vyalenye-tomaty-horeca.DtH-vghS_9SVdB.webp
b66e214405fbb88950b12c27abaa3abbd48cd11833c90db9100f6af45dfbcb3a	_astro/rizotto-griby-slivochny-sous.C-nnG8bC_21saqX.png
b6eab4309f120076a8cae663a427ae202638bff4983126ef2d497120faf8183d	_astro/pasta-frikadelki-tomatny-sous.QWMST8gK_6AkfK.webp
b777657ed288d6e5d6f6fde878c9751709198fde63bbdb2e58b3c73d758596d7	_astro/primavera-horeca.DKyr1zTC_pJpFU.webp
b77a86ec16aadc157f4a99e8898d71cd75ea264753d9bdf13f962f8c3988cbb0	fonts/inter-cyrillic-500.woff2
b7ab5bfddc6dde27ff846228a012612ac93a2d0635c8682c479cda05e540dbdd	_astro/rizotto-griby-slivochny-sous.C-nnG8bC_1MBf8C.webp
b81f3f754f50d0dae0f5b80ae0de42834733a920e7fc0badb4daf738f851cd82	_astro/paelya-kuritsa-ovoshchi-horeca.DVGQgO4p_1d8vmP.webp
b81f63cda8e44e2234df728c1866cb72f3f14f056c3e226416c117bfd337f3fd	_astro/alfredo-kuritsa-horeca.B9CdtjsN_Z2kzvum.webp
b84027a2598fd8096522fb532d916f065ef03b3e4bc5f266866865b227a803f1	_astro/mak-end-chiz.C6KgzSw__EJVD9.png
b863fed1435c64d3dc3b6beb500cd21e460a8d411e07c98394258789b8554ff6	_astro/rizotto-griby-slivochny-sous.C-nnG8bC_ZGekAt.webp
b9dc8092283b12e2741d4b890ce9d2661f2fccdcb718dc71eccfdc317e5875bd	_astro/universal.KhHo-xsH_ZRJCIk.webp
ba27447c53fca0f981198dded6e319a9bdb1c96a9c6791a3e0485919f989c627	_astro/alfredo-kuritsa.IpX7MWOn_Zxu7SL.webp
ba35049a6d687f2fb19a52255541d1e8abe7385ce195d599e8ce8043352f6ba8	_astro/rizotto-griby-slivochny-sous-horeca.Bayg6BSC_bkC6W.webp
ba6735f6b91924b7c6eb6139722e6cae2ac9d14c23a8da4f8437c234b79672f4	_astro/mak-end-chiz.C6KgzSw__85pKj.webp
ba6735f6b91924b7c6eb6139722e6cae2ac9d14c23a8da4f8437c234b79672f4	images/hero-plate.webp
babf427e0fff65f44692a5b0b8148a5242031604534ab6deb9473ef8814d3625	_astro/paelya-kuritsa-ovoshchi-horeca.DVGQgO4p_Z1DTCj5.png
bb8831747af42d97be3a682da229b573393aab58c921a8ac11bc40a2560ff216	_astro/chetyre-syra.BcpZl_cL_1F6qgo.webp
bb8e1592c5f059ec81d1984aa22e608dd82691a8c08db5e4b82a97056cd86bb0	_astro/primavera.CuHxQPa3_dgPG5.webp
bc45441f47f774bac9194aa1b76f6958647b631c13285b3eda9701352935e516	_astro/kuritsa-pesto-vyalenye-tomaty-horeca.DtH-vghS_1oToaT.webp
bc53db502612305d3c43eee704249ab67188e7d2e916aa10b28fd9ebba9755ec	_astro/pasta-frikadelki-tomatny-sous-horeca.DfoI17oS_1Vj0B7.webp
bd66881940a67933e0ddfea114ee695eee3f14d40656f79b392410c1ebe3dc4b	_astro/alfredo-kuritsa-horeca.B9CdtjsN_IeI3A.png
bd8a02a77ea276f841178643c7094ed17bc6fed1c7e3be6c5e3d19ca93f042a4	_astro/mak-end-chiz.C6KgzSw__Z1lEBbF.webp
be1e48ce6df2b952aa09fc0731fde10070a349c5d2dc35a740a2f2a6c58ca0c9	_astro/pasta-frikadelki-tomatny-sous-horeca.DfoI17oS_1MkJud.png
be5b414baf0c15769d9beae5cfc164c7de47c2728dd022642886dea429713f22	o-kompanii/index.html
beb51e056351840ae209689e2b01058dee1c9d2f7ecd7e63fbd88484bff3caa4	_astro/karbonara.CZeJuoEA_Z13cpSj.webp
bf580e984f473c1fc815afc7961e9c0a6b5aef8e7ab0cd268d7bc8d04b26ee70	_astro/mak-end-chiz-horeca.Cz0VqWKl.png
bff770b7bb559aa88636b20ad97c3f7559be53249de42f38ab6319cec0f3f46d	_astro/rizotto-rizi-bizi-pesto-zeleny-goroshek.CDQ1G72P_Zw5wuT.webp
c05104f21b5aeeffea42683d9dddd4d7d08dc0a456025e008968f693dd92ec4e	_astro/vetchina-griby-slivochny-sous.Cqe7htBt_27mO4K.webp
c07ba9c852e523201357d93cd5254f3c81faded889f43af9d107259e456b81f8	_astro/mak-end-chiz-horeca.Cz0VqWKl_Z6AdOU.png
c1425a0fb74a1357072ae70e0a2c158696e31ad390e84eb6e67f5ddf777148b5	_astro/mak-end-chiz-horeca.Cz0VqWKl_Ee8U1.png
c1513bd38f86677ea6870cbc02487c3b0c9339aaa8fca50ac6f708805ff8bd27	_astro/rizotto-griby-slivochny-sous.C-nnG8bC_Z2tvwYm.png
c1b7719f2375b19fb27040d11c8e3adb9f2c2bf81638ecb005c3ca3ad33fcdd3	katalog/horeca/paelya-kuritsa-ovoshchi/index.html
c1b8c10244d7d97e1029a9dd6d41de8f30e1bf92edb1c7f7242fa61a1e696d8c	_astro/rizotto-rizi-bizi-pesto-zeleny-goroshek-horeca.Bh8-3jMc_28DT1k.png
c1ee2714399cbcc84c1cd9b52ef6f471769bb667da67d0889810bf3cbc8067e8	_astro/karbonara-horeca.ZzWAwcHS_Z1Yyu94.webp
c2169434e663a9fb0c83575dba1f1d231b27c4b12d7231713717d8fd35038412	_astro/alfredo-kuritsa-horeca.B9CdtjsN_2l0tkD.webp
c25d69566c4ca3d6c7de411d39f4727d285dcac3d322434bb41770e002dca642	_astro/vetchina-griby-slivochny-sous.Cqe7htBt_ZdXeCo.webp
c2622d0290a690506a2b53066059737c92c6f6f30e70f146ce84e568d93323f0	_astro/mak-end-chiz-horeca.Cz0VqWKl_2mw0o7.png
c2f25903aa9a68116970b8f3b3ce6a869926ac66d57ef7e017f2d8414d0170e6	_astro/pasta-frikadelki-tomatny-sous-horeca.DfoI17oS_Z2bzpz7.png
c3318bbc0bddecd5b47c329e03e17684c5ae5d843298cb98b53ced07fb4d7b4a	_astro/chetyre-syra.BcpZl_cL_Z133WaI.webp
c43c65450104bb0f494f6b1b53858d40813649e85b69188848863acdeb72a02c	_astro/vetchina-griby-slivochny-sous-horeca.jWTjw6JA_Z20riq6.png
c44ab71aa261ae96ea81fc2ce81b4edd99d00a36fa99d50963ee4baed6c95917	_astro/chetyre-syra-horeca.mFhdUiiO_DCc4E.webp
c46adca96b5b1f4bd82c6fe71ec368a4e19e996f8ee3cc6b0635622c1afb042b	_astro/vetchina-griby-slivochny-sous.Cqe7htBt_ZdmkSk.png
c47c88086df08fa69819da1cc938680b1b1ed09f0fde956a4fd0424a5a68985d	_astro/vetchina-griby-slivochny-sous.Cqe7htBt_2nFQjV.webp
c5c0e4c4044de3f0601ffb0010df4e830e67aa592ad06b5cbd8db7be37f9492f	_astro/rizotto-rizi-bizi-pesto-zeleny-goroshek.CDQ1G72P_Z1GD6VN.webp
c5d45955dc9b1450c8f4f6d040c7c90edb67b6ca210fedc118d6f3214a0a9d01	_astro/karbonara-horeca.ZzWAwcHS_ZRMLwl.png
c5f56f7a048cfa0912da2da20eaf863dd7b6c91bd0365fe22b68945992e69681	_astro/mak-end-chiz-horeca.Cz0VqWKl_ZUc2Y6.webp
c62d2abbd545cf359adc8f5ef20c83b202f4da005ec33951eba8af1ae530410c	_astro/alfredo-kuritsa.IpX7MWOn_Z1mzObu.webp
c647ae733cc53e4a5490d75585fd601281a63e4118ca304387baf39cf1245832	_astro/mak-end-chiz.C6KgzSw_.png
c6d3eafa739282ac358481e6a313dd192cbfe859361ab25eb0659c2e3c7b4e7e	_astro/rizotto-griby-slivochny-sous-horeca.Bayg6BSC_Z2kNO1o.png
c6f6723946bbd059761397ffa9859dcc2213344646ce2ee951393fe137a5ffd8	_astro/alfredo-kuritsa.IpX7MWOn_2p3gLo.webp
c76819c0bcbdc2c3917ef7f6c064523dacb01cbd9906715ff423e18dd5bb5c5f	_astro/kuritsa-pesto-vyalenye-tomaty-horeca.DtH-vghS_Z2swOyH.webp
c7c5d1b620df1f33e8b7a59f8c862ee301197d4e833e4df65ce5dff13608ef34	_astro/otzyvy.rL8z84qj.css
c8287b824efcccd92b5d956bd0d335f5d68d7ff7f4b0351f9d9caf1cd544c8c2	_astro/primavera-horeca.DKyr1zTC_Z2nq04X.png
c839edd583ed3e4daae292ded900a92e2a79ca91aec4cf03fb3afc83a12bd2e3	partneram/index.html
c87a0e6c93e2fa524a0babb1aabca36d20fef64e1b95d564a02006afd0249e45	_astro/rizotto-griby-slivochny-sous.C-nnG8bC_ZDSngb.webp
c8fdd1db89feb9427649db2a0b8f68af73fd6efff4d7b151d74eefa06c7f64dc	_astro/chetyre-syra.BcpZl_cL_LcvTj.webp
c92aee48a79c0f1c620de776b60cafea9580d0c1db90647bc579571f295d74c2	_astro/mak-end-chiz.C6KgzSw__2rvL8y.webp
ca521e79a5a007fbd39dd0b981531445c360ba1686774d5d7929d7a8f15a5d41	_astro/kuritsa-pesto-vyalenye-tomaty.HFynwqNL_1XF8hB.png
ca72475240ed43fa6bccbfc60010676a2a6f07ce88b783b1481e0fc0ed2c696a	_astro/chetyre-syra-horeca.mFhdUiiO_23T4o5.webp
caa8360a90683cc1ca944ed966fc546e90eeb735ee7494fdffc863423bfa9244	_astro/pasta-frikadelki-tomatny-sous.QWMST8gK_Z1zsiPs.webp
cae7b75d32ccabffbe20973016191f7b588bc2f01cefc2dbee15f80a1002bd01	_astro/primavera-horeca.DKyr1zTC_GbL9b.png
cb04f7a031346722c266aac472560d5b9347a4505b6deee686a9f348c5897b48	_astro/pasta-frikadelki-tomatny-sous-horeca.DfoI17oS_Z2qsmDv.webp
cb8699ce05b29bd8883ffe4028de1e894b0808afe20e50c3c2c8f62c918f6f1c	_astro/rizotto-rizi-bizi-pesto-zeleny-goroshek.CDQ1G72P_1IgUNA.webp
cbea41e63bdde0942eff79a55c09f51314ce1db253ae7ece375bb5f750246df2	_astro/rizotto-rizi-bizi-pesto-zeleny-goroshek-horeca.Bh8-3jMc_1Ia00d.webp
cc91a680b59c0ea169c031a5c1dd23315686424b46b0b63ceaea93b9a2abc30c	_astro/rizotto-rizi-bizi-pesto-zeleny-goroshek-horeca.Bh8-3jMc_1c39iH.webp
cd9ad3f7bb5324364f186c0a3f9d07036d845c5d89a5b323fec5d4101e0db670	_astro/primavera-horeca.DKyr1zTC_ZXodVo.webp
cecba24edcb56f2ad68d8e3e7af6d5c6312d43d6e397f6c6b93b31f3d73fb9c2	_astro/pasta-frikadelki-tomatny-sous.QWMST8gK_1b9OmW.webp
cf2a31b99e47b61b718c6a5ba42e28eb37248315584f8532138a614a8ea2fafc	_astro/vetchina-griby-slivochny-sous-horeca.jWTjw6JA_Z1Gvgun.png
cfbfb0e36791f82470367d25c5a8d498dc1561a7a66a4172b7c6df749fdf9894	fonts/playfair-display-cyrillic-700.woff2
cff944989a4996f11fb6d7c6a1c75774f6de9053efba9e055ed3845b5da18938	_astro/alfredo-kuritsa-horeca.B9CdtjsN_Z1vAqTr.webp
d1c5117f84e2286dcd0c53a19ecc814f74ef475f81d00e3f3b5ce0052b0d2c55	_astro/rizotto-rizi-bizi-pesto-zeleny-goroshek-horeca.Bh8-3jMc_tuMtK.webp
d1cab0560d1def6a35622518221fef4b6ca478f788fc8249fde7ce2b31c9babd	_astro/paelya-kuritsa-ovoshchi-horeca.DVGQgO4p.png
d21515b6e6af93ac5233fd3e66345f477149f2fa2eb9e4fc0cf5c80abd78ef63	_astro/alfredo-kuritsa.IpX7MWOn_gXLMp.webp
d239c24206b1a2ee3948bd93c82d1aca9b4255c9ead969443be78ddde428d578	_astro/kuritsa-pesto-vyalenye-tomaty.HFynwqNL_Z1DA02m.webp
d2c955b3363a1fbf8cc150bab513dd1d6b95519047270c4df7f14c3a7111c716	_astro/kuritsa-pesto-vyalenye-tomaty.HFynwqNL_1bvDub.webp
d3b4536202915b7bef253b5ef67608a6307f7b9bd076eeb0f29a52a7a6c2bf4e	_astro/paelya-kuritsa-ovoshchi-horeca.DVGQgO4p_1jEDeV.webp
d48b1efde0efbbe7eab0aedce7cec400ff4add0c7c1f1f3eea328c5091cec887	_astro/primavera-horeca.DKyr1zTC_1WzPas.webp
d59501777abdf32cab50cba2857c0a3dc88edfee67887cd1edac2f34b7634312	_astro/gde-kupit.BHn0lHV5.css
d667e50ef44a0078b7c3f4a15a99c73a6cd1d5c9912e47a6566311a92a4caf3b	_astro/rizotto-griby-slivochny-sous-horeca.Bayg6BSC_2kWkYf.webp
d6ad1fe1a0df4b939e166e5e2ea3877c5fb336899e22fa01df3eb78f5f7eadbf	_astro/primavera.CuHxQPa3_1tbsm1.png
d7b2f68097805b8d4d48dd3a979573648415b157cadbd8bb4eadc9566f73e7ef	_astro/rizotto-rizi-bizi-pesto-zeleny-goroshek.CDQ1G72P_ZIasST.png
d7fb935b777da20d0c86e4af79178ca61e9f567281252e4a1e2ebb1d162a2720	_astro/alfredo-kuritsa.IpX7MWOn_ZHWhoB.webp
d8531ebda537dad807fe04d79adf3a142283593cb0505a45a248eb9f5bb9296d	_astro/paelya-kuritsa-ovoshchi-horeca.DVGQgO4p_ZcWMGC.webp
d863d44d525b94d4a4e91e9c1daf848116798cf366ba188e2161523568022dcc	_astro/pasta-frikadelki-tomatny-sous.QWMST8gK_ZkRNBa.webp
d86d0b34c456f5e71a50127ad234899bb4e3c2b206786ce720d745b8a8e1bc6b	_astro/rizotto-rizi-bizi-pesto-zeleny-goroshek-horeca.Bh8-3jMc_11U8Le.png
d8fce42c675e600b285518701ae61ca99d8b30251fba15a7662765fc100c8117	_astro/rizotto-griby-slivochny-sous.C-nnG8bC_ZCEPzB.webp
db48a85327e77bfe256e774cc3f23ee23e2b05f66cfa3d4b835dc14a3c39036b	_astro/vetchina-griby-slivochny-sous-horeca.jWTjw6JA_Z2qxapM.Bkf4mC2m_l3LNC.webp
dbed94e0aadd5b44e879db49851d196fe6c84431b685d651faee9554d329cf99	_astro/karbonara-horeca.ZzWAwcHS_ZTNVPt.png
dbf81fab996ccea7762e6dbc0e4da854be63794f665cc464233e6547c344d8a0	_astro/chetyre-syra-horeca.mFhdUiiO_Z29JUM5.webp
dc011d8f4f220dcfa4072e3470568c03e79cfab5c006de8fc63c52604fe82cea	_astro/kuritsa-pesto-vyalenye-tomaty-horeca.DtH-vghS_Z1BAYjk.webp
dc0548deb6433c542da129826ae5de418ae29b814e9c25e740f1c4b4a59dfc38	_astro/rizotto-griby-slivochny-sous.C-nnG8bC_13iPod.png
dc378a3d36e5244e679435545a015281a9d493a531286fb8132c336c0e52057f	_astro/kuritsa-pesto-vyalenye-tomaty.HFynwqNL_Z1c6Qar.webp
dc83eb9450feda2436ed0b0a1fd37208515a40dc421ef7a25429587143572e85	_astro/pasta-frikadelki-tomatny-sous-horeca.DfoI17oS.png
dc86cf87b20ba432e2614485836ef3ad12ad981b70bdf817fb4d874c6f2e58ff	_astro/paelya-kuritsa-ovoshchi.Ds5b_jxz_FlrIG.png
dccc51bd415b36b6026bdc7d993a25b7ab666e164a35b97d3d1cd658e4dedeec	_astro/mak-end-chiz.C6KgzSw__ZT3dbs.png
dd2c0242b86272b6f15b28f1b02027917620961fa47e6af52697e470aad05b82	_astro/primavera.CuHxQPa3_Z1UjSnC.webp
dd4a5e53da0f9fab498a63f8ffdb3604611e4de3a2b65d71967ef75916b244ff	_astro/rizotto-griby-slivochny-sous-horeca.Bayg6BSC_Z1Bmnvo.png
def423f2ffb7df81c807bbbccd4c1cd88a41642a77aed8c31084d4f02c84d643	_astro/chetyre-syra.BcpZl_cL_pFgxy.png
df6cfff77ff2eadcde7d7954626b394a6c0a7d189bb4a5ff16a1fcfc50269f4c	_astro/karbonara.CZeJuoEA_Z13FQlg.BI7Pyb4m_Z1xG8V6.webp
dfff28f662f97d676ce9a17715e7a79574bbbbbb06701132749d38d94cc34cad	_astro/mak-end-chiz.C6KgzSw__2xp4R.webp
e10df0304bcd36c0e056d9f6f5845a5548221b7bece040263beeced929938172	politika-konfidentsialnosti/index.html
e13e75e5fee18a9bb44febe3a3b6834024581ef6813843133bb628f23131605b	_astro/karbonara-horeca.ZzWAwcHS_23bhzv.png
e217e70345a564826c4eb327cc63582ea89c7827081750943c30131481718ac3	_astro/primavera-horeca.DKyr1zTC_ZSEADE.webp
e233c8700f6becc782cb5f9177d7c103e3115b7b1c4c8544acac523638370739	_astro/paelya-kuritsa-ovoshchi-horeca.DVGQgO4p_2ql9rW.webp
e26bb98f63325e88707297602898c83c15df807fe23456efbcc2e646e1bb4d51	_astro/rizotto-griby-slivochny-sous.C-nnG8bC_avxoH.webp
e26bb98f63325e88707297602898c83c15df807fe23456efbcc2e646e1bb4d51	images/product-rizotto.webp
e2ecb90e7823f20986de1e020dd23a7a7d95e56080b200ceaea7919dc966edca	_astro/rizotto-rizi-bizi-pesto-zeleny-goroshek-horeca.Bh8-3jMc_Z1k50M7.webp
e2f92d49a80b45d44e61b90a3bebceb2a3da61371c00d1953fc3d1e9f95a58a2	_astro/pasta-frikadelki-tomatny-sous.QWMST8gK_Z2jEgDn.webp
e34e21ad4203b17ae0e2ae2976fcc68e3e7db1636789183b36806f9877641696	_astro/pasta-frikadelki-tomatny-sous-horeca.DfoI17oS_2rkjw5.png
e3742fcbb622b072ff0928f8a50af5efe20c6fa6f7c13dd5c5919f81ee6ce2fb	_astro/chetyre-syra.BcpZl_cL_FQTw.webp
e375548c2a31ca94588a87d2660594cc23699d4d3b90e01e452d35062683e552	_astro/rizotto-rizi-bizi-pesto-zeleny-goroshek-horeca.Bh8-3jMc_2dz1zc.webp
e38ae5ee33b0b08e645565b1dde865f500290b58345f837728b42c0403c4ed97	_astro/rizotto-griby-slivochny-sous-horeca.Bayg6BSC_yrRW2.webp
e3923648fffff42b48da815be229acbc36c0520b2019cc6260281af9b6f9671a	_astro/index.CxnWAJ5d.css
e3a3286f2f0594144b53dccb8cefdc27058537970f4ac39e7dbf524f94731d90	_astro/chetyre-syra-horeca.mFhdUiiO_Z1l96CT.png
e3c4c9b99e62032366d32e9919486f0fe88fcb65ca5268181cdca52f910e50fb	_astro/kuritsa-pesto-vyalenye-tomaty-horeca.DtH-vghS_NgBUA.png
e47e1f27285d298bb99b48306fc7b6dc1cce89dc71f0b55213bf747a36d74e74	_astro/karbonara.CZeJuoEA_TGJSd.png
e539ac4c99c937b3de84a745b798c2060cb157e541d0f6177bde5175019026b0	_astro/rizotto-griby-slivochny-sous-horeca.Bayg6BSC_ZM1Ru2.png
e53d026f804ebeb5d6cf5e0696307f3ce90b91f83ce1049fed329d9efd133a97	_astro/pasta-frikadelki-tomatny-sous.QWMST8gK_Z2omNfR.webp
e5e9e4441c3394bb279e13b3491217732097618e5fe0f2aa57ca41548a32b820	_astro/mak-end-chiz.C6KgzSw__Z1Qc7WF.webp
e7ff40e4a686dbb109e1da726be8668ed6962536c9a798986f86cc125cebb795	_astro/vetchina-griby-slivochny-sous-horeca.jWTjw6JA_Z28MFd7.png
e84eae1cf24d7876197a02725c48defec44c9b63f17bde83b7035db49d190240	_astro/vetchina-griby-slivochny-sous.Cqe7htBt_NiNwk.webp
e84f04f07e80be79678764fa8e06f7c61b31aab9028c94b86d5846c52bfb91c2	_astro/paelya-kuritsa-ovoshchi-horeca.DVGQgO4p_Zled3F.webp
e97c270e291e5aea8b7f47ec9033fd105e2d2836ac93c07bd72c8bb48b93fa63	_astro/kuritsa-pesto-vyalenye-tomaty.HFynwqNL_2hezCl.png
e9af0b6d12f8b1b1f597ea32cacde84a04cab368f00a8bba857fd767c078e75e	_astro/rizotto-rizi-bizi-pesto-zeleny-goroshek.CDQ1G72P.png
ea4faca5424b8958457957cec453165c38929af6b59f619f0969a2c15cb996bc	_astro/rizotto-rizi-bizi-pesto-zeleny-goroshek-horeca.Bh8-3jMc_1icbnN.webp
eb13bbfc21d335f2167d7442ba74f520564e1e0d65dcd7bf025fdac8091af7c0	_astro/chetyre-syra.BcpZl_cL_ZgvdUU.webp
eb98733d63e175da90950c9a4dcb2ca7cf4a5332e476fc90fcd8902c76cffe39	_astro/kuritsa-pesto-vyalenye-tomaty.HFynwqNL_ZLVYUN.png
ebdde6e61bb01aaae04330abf4b0c4444f94b02174c41f3d7beb838ea166dfee	_astro/mak-end-chiz.C6KgzSw__eIA2C.webp
ec26da448bac5ad2b4b31dd10fd910d1cf95519be1cffee0f9f35b62fd269618	_astro/kuritsa-pesto-vyalenye-tomaty.HFynwqNL_ZXLu6L.png
ec3f60ae23450c03608c1441c4174a1b2440d90abb219ae8b54db1ed8f48544f	_astro/primavera-horeca.DKyr1zTC_ZnwSAQ.webp
ec500daeee3425fa7f3f99b7a8383f5a149f3a56c16b51bf24e6af99683fcbdf	katalog/horeca/vetchina-griby-slivochny-sous/index.html
ecf775314b19da41687fca57d2ffcc5c66c19710368cfc7031e1d160570801b1	_astro/chetyre-syra.BcpZl_cL_Z16qWOX.webp
ed4d905860909deb8643f28035d616b442784705e8e493b349e6bcde0557d2e8	_astro/alfredo-kuritsa.IpX7MWOn_Z1p1ndF.png
ed558165e2b25830af78fde480ee28c8be7ee9a0f3ca0ff94278d88461c37d37	_astro/paelya-kuritsa-ovoshchi-horeca.DVGQgO4p_gp3k7.png
ed8e070443d37b571e8c5908c414cea97046fd05d30bd3afa716240089a8216c	_astro/rizotto-griby-slivochny-sous-horeca.Bayg6BSC_ZXTRtk.webp
eecd65b41c745f6d0ce0b037f62f59a0b1d37a9b2d3ba38cccad98f362234a01	_astro/paelya-kuritsa-ovoshchi.Ds5b_jxz.png
eee714c6a7c6c93105ff831addbc57629b5cc28e133aaeed72f7447978712d26	_astro/karbonara-horeca.ZzWAwcHS_24L6n9.webp
f0bb586459ce8f09b238285040f17e3e9e9538b2c5a7aae0775194e33c36c3c3	fonts/inter-cyrillic-400.woff2
f167e782e699391924074f8bb57069e0997c36930d4c2970c24d61fe1f21bef8	_astro/chetyre-syra-horeca.mFhdUiiO_ZW7Dix.webp
f18aafb84a395d3719f487e7015b748cc6f42b76893f064d767083ea81ed9431	_astro/pasta-frikadelki-tomatny-sous.QWMST8gK_Z1MNO68.png
f1a1959c3c93d4ab1423fb4afd52bf5592b0d8fef89cf7fe965b92d6bfa8a54e	_astro/karbonara-horeca.ZzWAwcHS_Z23TwyI.webp
f1f3ef8edd91b34e8745bde44d34fc5bc310cb17026d3e2289dc9f9b55afb160	_astro/pasta-frikadelki-tomatny-sous.QWMST8gK_jUGjq.png
f2117c82e3f947aee1403d26af2a72208991fe4bc590358fdaa5d3780aa5db0d	_astro/vetchina-griby-slivochny-sous-horeca.jWTjw6JA_5Kh8U.webp
f33c66e26facdfe8b486ec1253be1e11fe37a09f1c7f0b5ed4eebea344ec6f5c	_astro/mak-end-chiz-horeca.Cz0VqWKl_Z1uByIS.webp
f3779f1efccc4bdcdf9c0a02ab95bf6bd092ed09c48c08cedc725889edd1d19f	fonts/inter-latin-500.woff2
f3e60d791e77d98f079c42be55bec67e3bdc30d8291d0900b5150f438242a3dd	_astro/mak-end-chiz.C6KgzSw__VW2tA.png
f4868c372689fce3e5e6a0f9d73ff8ca187fe4201ec07d02c28c80875886dca6	_astro/alfredo-kuritsa.IpX7MWOn_Z2ax0hC.webp
f495145ec958a2931359d2925c0157ae627bba984127c60a5b81b167275cd1a6	_astro/rizotto-rizi-bizi-pesto-zeleny-goroshek-horeca.Bh8-3jMc_131r8i.webp
f54100fcc977c574737da2845af022a35728b64dfa674ba106fbda58e024ef46	_astro/rizotto-rizi-bizi-pesto-zeleny-goroshek-horeca.Bh8-3jMc_ZW9Gd0.webp
f5e6879b1670daeb8cb6502c2862cf7627c29d9dbd9c59c20dcb27afb15b7a90	_astro/logo-pastodel-clean.H0i7wMf0_Z1c8yEa.webp
f61d58bf2377831153b55ab872f8110003ff3b566525b964c099d27d8d2df03a	_astro/paelya-kuritsa-ovoshchi-horeca.DVGQgO4p_26RGT1.png
f66b489a94780fe7f5251ec167ddcca3f0f551632c24e9eda82d064a9fa097fb	_astro/chetyre-syra-horeca.mFhdUiiO_ZmmmAE.webp
f6ac1be048227c174f1bebb53383adc877297acc0ca92ef0b104ac769d524ce2	_astro/primavera-horeca.DKyr1zTC_Z1AiV9B.png
f711b5578e85b3daa0641ae1b95c87f4f63101f329e8496be725e1b49517585b	_astro/rizotto-rizi-bizi-pesto-zeleny-goroshek-horeca.Bh8-3jMc_2eK9Mw.webp
f71a4ff2babfbcb03e45794d65fb475507045a3e9f760613b4fc4e398cbc84ae	_astro/vetchina-griby-slivochny-sous.Cqe7htBt_16RfR4.webp
f71a602ef2a8403661626435600e61f6638310e7c1b0f422275e02aeaa1a2d93	_astro/vetchina-griby-slivochny-sous.Cqe7htBt_2s1swE.webp
f7ae6f2e205ad48048336d86dc7610c0b08489edbd6810dacd5229324a9961ac	_astro/rizotto-griby-slivochny-sous-horeca.Bayg6BSC_1Dbyan.png
f7bea05557908844b29d3d1d97e47fea3a308a3ff9766099ce863971630601ec	_astro/pasta-frikadelki-tomatny-sous-horeca.DfoI17oS_ZG7Kbc.webp
f8b3a6019496bb2d5d6fe87e86e3617340054dcd3d0d803d93914ebbb61495d2	katalog/horeca/alfredo-kuritsa/index.html
f8d110b28f51281c867de6fa05025fdd496b5d26c7f8d9c0b8130fd9b7714635	_astro/mak-end-chiz.C6KgzSw__1knVo4.webp
f9a06e79cd3a2a20951c0f0e28f66dd0e6d3fda73911d640a2125c8fcb78f21a	fonts/inter-latin-600.woff2
f9b6639100aa9ccfe9e1ee904298c95be9c5ad5b28864379459bebcfe72fa958	_astro/karbonara.CZeJuoEA_Z1XFSNC.webp
f9f9d64b6dd093ba0ea6091b02ef47bfd6b87eb0b337b333916cfa9c171a715d	_astro/chetyre-syra-horeca.mFhdUiiO_2lxFBp.webp
fa3fee01947d492aeb9177e22124e9ec5bffa93db4c8b4ce9cdfc8f239fb92e4	_astro/kontakty.qDvV3qrU_2iDTaQ.DX-luqFj_2bTPw2.webp
faff949e846148032be1b96ecd87adfe4d0b7edfddce9ee5ab7a7457f6008b98	_astro/paelya-kuritsa-ovoshchi.Ds5b_jxz_ZuBKdn.png
fc3ef0e61499a07ce3437b27b7a04fd657c4042e3fa07a6e71bf5e8b4ed27c28	_astro/rizotto-griby-slivochny-sous-horeca.Bayg6BSC_Z2gNnaL.aEfF7u5I_ZWxPEi.webp
fc9ebc19c1cfc19aac0e1478d457c66633decdcbd4f7faa61d782adcabf1cef8	_astro/primavera.CuHxQPa3_Z1avzsM.webp
fcc73ff903ca9a7c5151684c182310f4a18fb40e1189493f2e9356c053a8b31e	_astro/paelya-kuritsa-ovoshchi-horeca.DVGQgO4p_1H494S.webp
fe35b5118beb6f7780be3c7a34aab91207494df49d34c3f68140258af3f2143b	_astro/rizotto-griby-slivochny-sous.C-nnG8bC_jfVLz.webp
feb1a7e5ea1eace225ef2bd5c455f120e4ff6174b6b61fd7f9e985daa13239a3	_astro/alfredo-kuritsa.IpX7MWOn_1Y3TUK.webp
ff1bc9f84dfae5be7333941d5e92d75217af5f2fe349701462549e49cb4fe1ec	_astro/paelya-kuritsa-ovoshchi-horeca.DVGQgO4p_Z291Vib.webp
ff26247acfe9a57345f773fc46b48b4a44f4649e2a3910118f00b1468136ba0f	_astro/primavera.CuHxQPa3_1rlDu6.png
ff509260a74861468938ddde76bc4ae97e95d4e760bedc650479aa247ce110f0	_astro/vetchina-griby-slivochny-sous-horeca.jWTjw6JA_2hoSyW.png
ffa56f667773a70cd2ee46510eb4b433d9b1ee4025736ef9b52280762e44bd28	_astro/vetchina-griby-slivochny-sous.Cqe7htBt_Z2jzPeb.webp
